PassengerId,Survived,Pclass,Name,Sex,Age,SibSp,Parch,Ticket,Fare,Embarked,Has_Cabin
1,0,3,"Braund, Mr. Owen Harris",male,0.37500000000000006,0.125,0.0,A/5 21171,0.11046036834342966,S,0
2,1,1,"Cumings, Mrs. John Bradley (Florence Briggs Thayer)",female,0.6826923076923077,0.125,0.0,PC 17599,1.0,C,1
3,1,3,"Heikkinen, Miss. Laina",female,0.4519230769230769,0.0,0.0,STON/O2. 3101282,0.12074460953402483,S,0
4,1,1,"Futrelle, Mrs. Jacques Heath (Lily May Peel)",female,0.625,0.125,0.0,113803,0.8090269736601539,S,1
5,0,3,"Allen, Mr. William Henry",male,0.625,0.0,0.0,373450,0.12264909864339432,S,0
6,0,3,"Moran, Mr. James",male,0.4903846153846155,0.0,0.0,330877,0.12886992187023877,Q,0
7,0,1,"McCarthy, Mr. Timothy J",male,0.9903846153846154,0.0,0.0,17463,0.790172531477396,S,1
8,0,3,"Palsson, Master. Gosta Leonard",male,0.0,0.375,0.16666666666666666,349909,0.32109686383969377,S,0
9,1,3,"Johnson, Mrs. Oscar W (Elisabeth Vilhelmina Berg)",female,0.4711538461538462,0.0,0.3333333333333333,347742,0.1696259888107456,S,0
10,1,2,"Nasser, Mrs. Nicholas (Adele Achem)",female,0.2211538461538462,0.125,0.0,237736,0.4581560888802213,C,0
11,1,3,"Sandstrom, Miss. Marguerite Rut",female,0.028846153846153848,0.125,0.16666666666666666,PP 9549,0.2544397450117621,S,1
12,1,1,"Bonnell, Miss. Elizabeth",female,1.0,0.0,0.0,113783,0.40451348683007693,S,1
13,0,3,"Saundercock, Mr. William Henry",male,0.33653846153846156,0.0,0.0,A/5. 2151,0.12264909864339432,S,0
14,0,3,"Andersson, Mr. Anders Johan",male,0.7019230769230769,0.125,0.8333333333333333,347082,0.4765031751642431,S,0
15,0,3,"Vestrom, Miss. Hulda Amanda Adolfina",female,0.2211538461538462,0.0,0.0,350406,0.11966590690247796,S,0
16,1,2,"Hewlett, Mrs. (Mary D Kingcome) ",female,1.0,0.0,0.0,248706,0.24377460599929304,S,0
17,0,3,"Rice, Master. Eugene",male,0.0,0.5,0.16666666666666666,382652,0.4437459624830881,Q,0
18,1,2,"Williams, Mr. Charles Eugene",male,0.4903846153846155,0.0,0.0,244373,0.1980668673744256,S,0
19,0,3,"Vander Planke, Mrs. Julius (Emelia Maria Vandemoortele)",female,0.548076923076923,0.125,0.0,345763,0.27424643174920466,S,0
20,1,3,"Masselmani, Mrs. Fatima",female,0.4903846153846155,0.0,0.0,2649,0.11007947052155576,C,0
21,0,2,"Fynney, Mr. Joseph J",male,0.625,0.0,0.0,239865,0.3961337347488512,S,0
22,1,2,"Beesley, Mr. Lawrence",male,0.6057692307692307,0.0,0.0,248698,0.1980668673744256,S,1
23,1,3,"McGowan, Miss. Anna ""Annie""",female,0.24038461538461542,0.0,0.0,330923,0.12233219165559522,Q,0
24,1,1,"Sloper, Mr. William Thompson",male,0.4903846153846155,0.0,0.0,113788,0.5408749070609314,S,1
25,0,3,"Palsson, Miss. Torborg Danira",female,0.10576923076923078,0.375,0.16666666666666666,349909,0.32109686383969377,S,0
26,1,3,"Asplund, Mrs. Carl Oscar (Selma Augusta Emilia Johansson)",female,0.6826923076923077,0.125,0.8333333333333333,347077,0.47821721536267564,S,0
27,0,3,"Emir, Mr. Farred Chehab",male,0.4903846153846155,0.0,0.0,2631,0.11007947052155576,C,0
28,0,1,"Fortune, Mr. Charles Alexander",male,0.31730769230769235,0.375,0.3333333333333333,19950,1.0,S,1
29,1,3,"O'Dwyer, Miss. Ellen ""Nellie""",female,0.4903846153846155,0.0,0.0,330959,0.12004680472435186,Q,0
30,0,3,"Todoroff, Mr. Lalio",male,0.4903846153846155,0.0,0.0,349216,0.12029972087807612,S,0
31,0,1,"Uruchurtu, Don. Manuel E",male,0.7211538461538461,0.0,0.0,PC 17601,0.42235169362407515,C,0
32,1,1,"Spencer, Mrs. William Augustus (Marie Eugenie)",female,0.4903846153846155,0.125,0.0,PC 17569,1.0,C,1
33,1,3,"Glynn, Miss. Mary Agatha",female,0.4903846153846155,0.0,0.0,335677,0.11807832478090757,Q,0
34,0,2,"Wheadon, Mr. Edward H",male,1.0,0.0,0.0,C.A. 24579,0.15997708518703607,S,0
35,0,1,"Meyer, Mr. Edgar Joseph",male,0.4903846153846155,0.125,0.0,PC 17604,1.0,C,0
36,0,1,"Holverson, Mr. Alexander Oskar",male,0.7596153846153846,0.125,0.0,113789,0.7922674694977024,S,0
37,1,3,"Mamee, Mr. Hanna",male,0.4903846153846155,0.0,0.0,2677,0.11014346135563058,C,0
38,0,3,"Cann, Mr. Ernest Charles",male,0.3557692307692308,0.0,0.0,A./5. 2152,0.12264909864339432,S,0
39,0,3,"Vander Planke, Miss. Augusta Maria",female,0.2980769230769231,0.25,0.0,345764,0.27424643174920466,S,0
40,1,3,"Nicola-Yarred, Miss. Jamila",female,0.2211538461538462,0.125,0.0,2651,0.17127756176639078,C,0
41,0,3,"Ahlin, Mrs. Johan (Johanna Persdotter Larsson)",female,0.7211538461538461,0.125,0.0,7546,0.14436027449020633,S,0
42,0,2,"Turpin, Mrs. William John Robert (Dorothy Ann Wonnacott)",female,0.4711538461538462,0.125,0.0,11668,0.31995417037407214,S,0
43,0,3,"Kraeff, Mr. Theodor",male,0.4903846153846155,0.0,0.0,349253,0.12029972087807612,C,0
44,1,2,"Laroche, Miss. Simonne Marie Anne Andree",female,0.009615384615384616,0.125,0.3333333333333333,SC/Paris 2123,0.6334970686103628,C,0
45,1,3,"Devaney, Miss. Margaret Delia",female,0.31730769230769235,0.0,0.0,330958,0.12004680472435186,Q,0
46,0,3,"Rogers, Mr. William John",male,0.4903846153846155,0.0,0.0,S.C./A.4. 23567,0.12264909864339432,S,0
47,0,3,"Lennon, Mr. Denis",male,0.4903846153846155,0.125,0.0,370371,0.23615664956181515,Q,0
48,1,3,"O'Driscoll, Miss. Bridget",female,0.4903846153846155,0.0,0.0,14311,0.11807832478090757,Q,0
49,0,3,"Samaan, Mr. Youssef",male,0.4903846153846155,0.25,0.0,2662,0.33030240239874215,C,0
50,0,3,"Arnold-Franchi, Mrs. Josef (Josefine Franchi)",female,0.2980769230769231,0.125,0.0,349237,0.2711992491742135,S,0
51,0,3,"Panula, Master. Juha Niilo",male,0.08653846153846156,0.5,0.16666666666666666,3101295,0.6046752922248089,S,0
52,0,3,"Nosworthy, Mr. Richard Cater",male,0.3557692307692308,0.0,0.0,A/4. 39886,0.11884012042465536,S,0
53,1,1,"Harper, Mrs. Henry Sleeper (Myna Haxtun)",female,0.8942307692307693,0.125,0.0,PC 17572,1.0,C,1
54,1,2,"Faunthorpe, Mrs. Lizzie (Elizabeth Anne Wilkinson)",female,0.5096153846153846,0.125,0.0,2926,0.3961337347488512,S,0
55,0,1,"Ostby, Mr. Engelhart Cornelius",male,1.0,0.0,0.16666666666666666,113509,0.9443096912594614,C,1
56,1,1,"Woolner, Mr. Hugh",male,0.4903846153846155,0.0,0.0,19947,0.5408749070609314,S,1
57,1,2,"Rugg, Miss. Emily",female,0.3557692307692308,0.0,0.0,C.A. 31026,0.15997708518703607,S,0
58,0,3,"Novel, Mr. Mansouer",male,0.5,0.0,0.0,2697,0.11014346135563058,C,0
59,1,2,"West, Miss. Constance Mirium",female,0.04807692307692308,0.125,0.3333333333333333,C.A. 34651,0.42279658228002387,S,0
60,0,3,"Goodwin, Master. William Frederick",male,0.1634615384615385,0.625,0.3333333333333333,CA 2144,0.7145643138354277,S,0
61,0,3,"Sirayanian, Mr. Orsen",male,0.37500000000000006,0.0,0.0,2669,0.11014346135563058,C,0
62,1,1,"Icard, Miss. Amelie",female,0.6826923076923077,0.0,0.0,113572,1.0,S,1
63,0,1,"Harris, Mr. Henry Birkhardt",male,0.8173076923076923,0.125,0.0,36973,1.0,S,1
64,0,3,"Skoog, Master. Harald",male,0.028846153846153848,0.375,0.3333333333333333,347088,0.42508196921126723,S,0
65,0,1,"Stewart, Mr. Albert A",male,0.4903846153846155,0.0,0.0,PC 17605,0.42235169362407515,C,0
66,1,3,"Moubarek, Master. Gerios",male,0.4903846153846155,0.125,0.16666666666666666,2661,0.23228368050900136,C,0
67,1,2,"Nye, Mrs. (Elizabeth Ramell)",female,0.5096153846153846,0.0,0.0,C.A. 29395,0.15997708518703607,S,1
68,0,3,"Crease, Mr. Ernest James",male,0.31730769230769235,0.0,0.0,S.P. 3464,0.12429914800775203,S,0
69,1,3,"Andersson, Miss. Erna Alexandra",female,0.27884615384615385,0.5,0.3333333333333333,3101281,0.12074460953402483,S,0
70,0,3,"Kink, Mr. Vincenz",male,0.4519230769230769,0.25,0.0,315151,0.13198109527930474,S,0
71,0,2,"Jenkin, Mr. Stephen Curnow",male,0.5673076923076923,0.0,0.0,C.A. 33111,0.15997708518703607,S,0
72,0,3,"Goodwin, Miss. Lillian Amy",female,0.25961538461538464,0.625,0.3333333333333333,CA 2144,0.7145643138354277,S,0
73,0,2,"Hood, Mr. Ambrose Jr",male,0.3557692307692308,0.0,0.0,S.O.C. 14879,1.0,S,0
74,0,3,"Chronopoulos, Mr. Apostolos",male,0.4519230769230769,0.125,0.0,2680,0.22022293187718633,C,0
75,1,3,"Bing, Mr. Lee",male,0.5673076923076923,0.0,0.0,1601,0.8607650866009288,S,0
76,0,3,"Moen, Mr. Sigurd Hansen",male,0.4326923076923077,0.0,0.0,348123,0.11655473349341199,S,1
77,0,3,"Staneff, Mr. Ivan",male,0.4903846153846155,0.0,0.0,349208,0.12029972087807612,S,0
78,0,3,"Moutal, Mr. Rahamin Haim",male,0.4903846153846155,0.0,0.0,374746,0.12264909864339432,S,0
79,1,2,"Caldwell, Master. Alden Gates",male,0.0,0.0,0.3333333333333333,248738,0.44184147337371865,S,0
80,1,3,"Dowdell, Miss. Elizabeth",female,0.5288461538461539,0.0,0.0,364516,0.1900680131150738,S,0
81,0,3,"Waelens, Mr. Achille",male,0.37500000000000006,0.0,0.0,345767,0.13712321587460233,S,0
82,1,3,"Sheerlinck, Mr. Jan Baptist",male,0.5096153846153846,0.0,0.0,345779,0.14474117231208025,S,0
83,1,3,"McDermott, Miss. Brigdet Delia",female,0.4903846153846155,0.0,0.0,330932,0.1186496715137184,Q,0
84,0,1,"Carrau, Mr. Francisco M",male,0.4903846153846155,0.0,0.0,113059,0.7176114964104189,S,0
85,1,2,"Ilett, Miss. Bertha",female,0.27884615384615385,0.0,0.0,SO/C 14885,0.15997708518703607,S,0
86,1,3,"Backstrom, Mrs. Karl Alfred (Maria Mathilda Gustafsson)",female,0.5865384615384616,0.375,0.0,3101278,0.24148921906804965,S,0
87,0,3,"Ford, Mr. William Neal",male,0.25961538461538464,0.125,0.5,W./C. 6608,0.5237345050766061,S,0
88,0,3,"Slocovski, Mr. Selman Francis",male,0.4903846153846155,0.0,0.0,SOTON/OQ 392086,0.12264909864339432,S,0
89,1,1,"Fortune, Miss. Mabel Helen",female,0.3942307692307693,0.375,0.3333333333333333,19950,1.0,S,1
90,0,3,"Celotti, Mr. Francesco",male,0.4134615384615385,0.0,0.0,343275,0.12264909864339432,S,0
91,0,3,"Christmann, Mr. Emil",male,0.5096153846153846,0.0,0.0,343276,0.12264909864339432,S,0
92,0,3,"Andreasson, Mr. Paul Edvin",male,0.33653846153846156,0.0,0.0,347466,0.11966590690247796,S,0
93,0,1,"Chaffee, Mr. Herbert Fuller",male,0.8365384615384616,0.125,0.0,W.E.P. 5734,0.932056970125422,S,1
94,0,3,"Dean, Mr. Bertram Frank",male,0.4519230769230769,0.125,0.3333333333333333,C.A. 2315,0.3134789074022159,S,0
95,0,3,"Coxon, Mr. Daniel",male,1.0,0.0,0.0,364500,0.11046036834342966,S,0
96,0,3,"Shorney, Mr. Charles Joseph",male,0.4903846153846155,0.0,0.0,374910,0.12264909864339432,S,0
97,0,1,"Goldschmidt, Mr. George B",male,1.0,0.0,0.0,PC 17754,0.5279883719512939,C,1
98,1,1,"Greenfield, Mr. William Bertram",male,0.3942307692307693,0.0,0.16666666666666666,PC 17759,0.965321538705313,C,1
99,1,2,"Doling, Mrs. John T (Ada Julia Bone)",female,0.6057692307692307,0.0,0.16666666666666666,231919,0.35042599612398373,S,0
100,0,2,"Kantor, Mr. Sinai",male,0.6057692307692307,0.125,0.0,244367,0.3961337347488512,S,0
101,0,3,"Petranec, Miss. Matilda",female,0.4903846153846155,0.0,0.0,349245,0.12029972087807612,S,0
102,0,3,"Petroff, Mr. Pastcho (""Pentcho"")",male,0.4903846153846155,0.0,0.0,349215,0.12029972087807612,S,0
103,0,1,"White, Mr. Richard Frasar",male,0.3557692307692308,0.0,0.16666666666666666,35281,1.0,S,1
104,0,3,"Johansson, Mr. Gustaf Joel",male,0.5865384615384616,0.0,0.0,7540,0.13185463720244261,S,0
105,0,3,"Gustafsson, Mr. Anders Vilhelm",male,0.6634615384615384,0.25,0.0,3101276,0.12074460953402483,S,0
106,0,3,"Mionoff, Mr. Stoytcho",male,0.4903846153846155,0.0,0.0,349207,0.12029972087807612,S,0
107,1,3,"Salkjelsvik, Miss. Anna Kristine",female,0.3557692307692308,0.0,0.0,343120,0.11655473349341199,S,0
108,1,3,"Moss, Mr. Albert Johan",male,0.4903846153846155,0.0,0.0,312991,0.11845922260278147,S,0
109,0,3,"Rekic, Mr. Tido",male,0.6826923076923077,0.0,0.0,349249,0.12029972087807612,S,0
110,1,3,"Moran, Miss. Bertha",female,0.4903846153846155,0.125,0.0,371110,0.36794729593018294,Q,0
111,0,1,"Porter, Mr. Walter Chamberlain",male,0.8557692307692307,0.0,0.0,110465,0.7922674694977024,S,1
112,0,3,"Zabour, Miss. Hileni",female,0.23076923076923078,0.125,0.0,2665,0.22022293187718633,C,0
113,0,3,"Barton, Mr. David John",male,0.37500000000000006,0.0,0.0,324669,0.12264909864339432,S,0
114,0,3,"Jussila, Miss. Katriina",female,0.33653846153846156,0.125,0.0,4136,0.14969284399644087,S,0
115,0,3,"Attalah, Miss. Malake",female,0.27884615384615385,0.0,0.0,2627,0.22028539911997366,C,0
116,0,3,"Pekoniemi, Mr. Edvard",male,0.3557692307692308,0.0,0.0,STON/O 2. 3101294,0.12074460953402483,S,0
117,0,3,"Connors, Mr. Patrick",male,1.0,0.0,0.0,370369,0.11807832478090757,Q,0
118,0,2,"Turpin, Mr. William John Robert",male,0.5096153846153846,0.125,0.0,11668,0.31995417037407214,S,0
119,0,1,"Baxter, Mr. Quigg Edmond",male,0.4134615384615385,0.0,0.16666666666666666,PC 17558,1.0,C,1
120,0,3,"Andersson, Miss. Ellis Anna Maria",female,0.0,0.5,0.3333333333333333,347082,0.4765031751642431,S,0
121,0,2,"Hickman, Mr. Stanley George",male,0.3557692307692308,0.25,0.0,S.O.C. 14879,1.0,S,0
122,0,3,"Moore, Mr. Leonard Charles",male,0.4903846153846155,0.0,0.0,A4. 54510,0.12264909864339432,S,0
123,0,2,"Nasser, Mr. Nicholas",male,0.5769230769230769,0.125,0.0,237736,0.4581560888802213,C,0
124,1,2,"Webber, Miss. Susan",female,0.5769230769230769,0.0,0.0,27267,0.1980668673744256,S,1
125,0,1,"White, Mr. Percival Wayland",male,0.9903846153846154,0.0,0.16666666666666666,35281,1.0,S,1
126,1,3,"Nicola-Yarred, Master. Elias",male,0.1826923076923077,0.125,0.0,2651,0.17127756176639078,C,0
127,0,3,"McMahon, Mr. Martin",male,0.4903846153846155,0.0,0.0,370372,0.11807832478090757,Q,0
128,1,3,"Madsen, Mr. Fridtjof Arne",male,0.4134615384615385,0.0,0.0,C 17369,0.10881031897907195,S,0
129,1,3,"Peter, Miss. Anna",female,0.4903846153846155,0.125,0.16666666666666666,2668,0.3406491108321246,C,1
130,0,3,"Ekstrom, Mr. Johan",male,0.8173076923076923,0.0,0.0,347061,0.10627049230281681,S,0
131,0,3,"Drazenoic, Mr. Jozef",male,0.5865384615384616,0.0,0.0,349241,0.12029972087807612,C,0
132,0,3,"Coelho, Mr. Domingos Fernandeo",male,0.33653846153846156,0.0,0.0,SOTON/O.Q. 3101307,0.10741318576843849,S,0
133,0,3,"Robins, Mrs. Alexander A (Grace Charity Laury)",female,0.8557692307692307,0.125,0.0,A/5. 3337,0.22092073668685933,S,0
134,1,2,"Weisz, Mrs. Leopold (Mathilde Francoise Pede)",female,0.5096153846153846,0.125,0.0,228414,0.3961337347488512,S,0
135,0,2,"Sobey, Mr. Samuel James Hayden",male,0.4326923076923077,0.0,0.0,C.A. 29178,0.1980668673744256,S,0
136,0,2,"Richard, Mr. Emile",male,0.3942307692307693,0.0,0.0,SC/PARIS 2133,0.2292364979340102,C,0
137,1,1,"Newsom, Miss. Helen Monypeny",female,0.31730769230769235,0.0,0.3333333333333333,11752,0.40045006886632617,S,1
138,0,1,"Futrelle, Mr. Jacques Heath",male,0.6634615384615384,0.125,0.0,113803,0.8090269736601539,S,1
139,0,3,"Osen, Mr. Olaf Elon",male,0.25961538461538464,0.0,0.0,7534,0.14042483819460524,S,0
140,0,1,"Giglio, Mr. Victor",male,0.4134615384615385,0.0,0.0,PC 17593,1.0,C,1
141,0,3,"Boulos, Mrs. Joseph (Sultana)",female,0.4903846153846155,0.0,0.3333333333333333,2678,0.23228368050900136,C,0
142,1,3,"Nysten, Miss. Anna Sofia",female,0.37500000000000006,0.0,0.0,347081,0.11807832478090757,S,0
143,1,3,"Hakkarainen, Mrs. Pekka Pietari (Elin Matilda Dolck)",female,0.4134615384615385,0.125,0.0,STON/O2. 3101279,0.24148921906804965,S,0
144,0,3,"Burke, Mr. Jeremiah",male,0.31730769230769235,0.0,0.0,365222,0.10284241190595175,Q,0
145,0,2,"Andrew, Mr. Edgardo Samuel",male,0.2980769230769231,0.0,0.0,231945,0.17521299806199186,S,0
146,0,2,"Nicholls, Mr. Joseph Charles",male,0.31730769230769235,0.125,0.16666666666666666,C.A. 33112,0.5599197981546262,S,0
147,1,3,"Andersson, Mr. August Edvard (""Wennerstrom"")",male,0.4711538461538462,0.0,0.0,350043,0.11877612959058054,S,0
148,0,3,"Ford, Miss. Robina Maggie ""Ruby""",female,0.125,0.25,0.3333333333333333,W./C. 6608,0.5237345050766061,S,0
149,0,2,"Navratil, Mr. Michel (""Louis M Hoffman"")",male,0.6538461538461539,0.0,0.3333333333333333,230080,0.3961337347488512,S,1
150,0,2,"Byles, Rev. Thomas Roussel Davids",male,0.7596153846153846,0.0,0.0,244310,0.1980668673744256,S,0
151,0,2,"Bateman, Rev. Robert James",male,0.9326923076923077,0.0,0.0,S.O.P. 1166,0.19082980875882158,S,0
152,1,1,"Pears, Mrs. Thomas (Edith Wearne)",female,0.37500000000000006,0.125,0.0,113776,1.0,S,1
153,0,3,"Meo, Mr. Alfonzo",male,1.0,0.0,0.0,A.5. 11206,0.12264909864339432,S,0
154,0,3,"van Billiard, Mr. Austin Blyler",male,0.7307692307692307,0.0,0.3333333333333333,A/5. 851,0.22092073668685933,S,0
155,0,3,"Olsen, Mr. Ole Martin",male,0.4903846153846155,0.0,0.0,Fa 265302,0.1114126128981144,S,0
156,0,1,"Williams, Mr. Charles Duane",male,0.9326923076923077,0.0,0.16666666666666666,PC 17597,0.935168143534488,C,0
157,1,3,"Gilnagh, Miss. Katherine ""Katie""",female,0.25961538461538464,0.0,0.0,35851,0.1178238850358958,Q,0
158,0,3,"Corn, Mr. Harry",male,0.5288461538461539,0.0,0.0,SOTON/OQ 392090,0.12264909864339432,S,0
159,0,3,"Smiljanic, Mr. Mile",male,0.4903846153846155,0.0,0.0,315037,0.13198109527930474,S,0
160,0,3,"Sage, Master. Thomas Henry",male,0.4903846153846155,1.0,0.3333333333333333,CA. 2343,1.0,S,0
161,0,3,"Cribb, Mr. John Hatfield",male,0.7980769230769231,0.0,0.16666666666666666,371362,0.24529819728678864,S,0
162,1,2,"Watt, Mrs. James (Elizabeth ""Bessie"" Inglis Milne)",female,0.7211538461538461,0.0,0.0,C.A. 33595,0.23996562778055408,S,0
163,0,3,"Bengtsson, Mr. John Viktor",male,0.4519230769230769,0.0,0.0,347068,0.11845922260278147,S,0
164,0,3,"Calic, Mr. Jovo",male,0.27884615384615385,0.0,0.0,315093,0.13198109527930474,S,0
165,0,3,"Panula, Master. Eino Viljami",male,0.0,0.5,0.16666666666666666,3101295,0.6046752922248089,S,0
166,1,3,"Goldsmith, Master. Frank John William ""Frankie""",male,0.125,0.0,0.3333333333333333,363291,0.31271711175846806,S,0
167,1,1,"Chibnall, Mrs. (Edith Martha Bowerman)",female,0.4903846153846155,0.0,0.16666666666666666,113505,0.8379752081225699,S,1
168,0,3,"Skoog, Mrs. William (Anna Bernhardina Karlsson)",female,0.8173076923076923,0.125,0.6666666666666666,347088,0.42508196921126723,S,0
169,0,1,"Baumann, Mr. John D",male,0.4903846153846155,0.0,0.0,PC 17318,0.39499104128322954,S,0
170,0,3,"Ling, Mr. Lee",male,0.4903846153846155,0.0,0.0,1601,0.8607650866009288,S,0
171,0,1,"Van der hoef, Mr. Wyckoff",male,1.0,0.0,0.0,111240,0.5104030813110199,S,1
172,0,3,"Rice, Master. Arthur",male,0.028846153846153848,0.5,0.16666666666666666,382652,0.4437459624830881,Q,0
173,1,3,"Johnson, Miss. Eleanor Ileen",female,0.0,0.125,0.16666666666666666,347742,0.1696259888107456,S,0
174,0,3,"Sivola, Mr. Antti Wilhelm",male,0.3557692307692308,0.0,0.0,STON/O 2. 3101280,0.12074460953402483,S,0
175,0,1,"Smith, Mr. James Clinch",male,1.0,0.0,0.0,17764,0.4676785344270687,C,1
176,0,3,"Klasen, Mr. Klas Albin",male,0.2980769230769231,0.125,0.16666666666666666,350404,0.11966590690247796,S,0
177,0,3,"Lefebre, Master. Henry Forbes",male,0.4903846153846155,0.375,0.16666666666666666,4133,0.3880084224126373,S,0
178,0,1,"Isham, Miss. Ann Elizabeth",female,0.9134615384615384,0.0,0.0,PC 17595,0.4374611484221688,C,1
179,0,2,"Hale, Mr. Reginald",male,0.5288461538461539,0.0,0.0,250653,0.1980668673744256,S,0
180,0,3,"Leonard, Mr. Lionel",male,0.6442307692307692,0.0,0.0,LINE,0.0,S,0
181,0,3,"Sage, Miss. Constance Gladys",female,0.4903846153846155,1.0,0.3333333333333333,CA. 2343,1.0,S,0
182,0,2,"Pernot, Mr. Rene",male,0.4903846153846155,0.0,0.0,SC/PARIS 2131,0.22930048876808504,C,0
183,0,3,"Asplund, Master. Clarence Gustaf Hugo",male,0.125,0.5,0.3333333333333333,347077,0.47821721536267564,S,0
184,1,2,"Becker, Master. Richard F",male,0.0,0.25,0.16666666666666666,230136,0.5942006021232767,S,1
185,1,3,"Kink-Heilmann, Miss. Luise Gretchen",female,0.028846153846153848,0.0,0.3333333333333333,315153,0.33557098107090183,S,0
186,0,1,"Rood, Mr. Hugh Roscoe",male,0.4903846153846155,0.0,0.0,113767,0.7617956437477907,S,1
187,1,3,"O'Brien, Mrs. Thomas (Johanna ""Hannah"" Godfrey)",female,0.4903846153846155,0.125,0.0,370365,0.23615664956181515,Q,0
188,1,1,"Romaine, Mr. Charles Hallace (""Mr C Rolmane"")",male,0.8173076923076923,0.0,0.0,111428,0.40451348683007693,S,0
189,0,3,"Bourke, Mr. John",male,0.7211538461538461,0.125,0.16666666666666666,364849,0.23615664956181515,Q,0
190,0,3,"Turcin, Mr. Stjepan",male,0.6442307692307692,0.0,0.0,349247,0.12029972087807612,S,0
191,1,2,"Pinsky, Mrs. (Rosa)",female,0.5673076923076923,0.0,0.0,234604,0.1980668673744256,S,0
192,0,2,"Carbines, Mr. William",male,0.31730769230769235,0.0,0.0,28424,0.1980668673744256,S,0
193,1,3,"Andersen-Jensen, Miss. Carla Christine Nielsine",female,0.31730769230769235,0.125,0.0,350046,0.11966590690247796,S,0
194,1,2,"Navratil, Master. Michel M",male,0.009615384615384616,0.125,0.16666666666666666,230080,0.3961337347488512,S,1
195,1,1,"Brown, Mrs. James Joseph (Margaret Tobin)",female,0.7980769230769231,0.0,0.0,PC 17610,0.42235169362407515,C,1
196,1,1,"Lurette, Miss. Elise",female,1.0,0.0,0.0,PC 17569,1.0,C,1
197,0,3,"Mernagh, Mr. Robert",male,0.4903846153846155,0.0,0.0,368703,0.11807832478090757,Q,0
198,0,3,"Olsen, Mr. Karl Siegwart Andreas",male,0.7596153846153846,0.0,0.16666666666666666,4579,0.12804565898370365,S,0
199,1,3,"Madigan, Miss. Margaret ""Maggie""",female,0.4903846153846155,0.0,0.0,370370,0.11807832478090757,Q,0
200,0,2,"Yrois, Miss. Henriette (""Mrs Harbeck"")",female,0.4134615384615385,0.0,0.0,248747,0.1980668673744256,S,0
201,0,3,"Vande Walle, Mr. Nestor Cyriel",male,0.4903846153846155,0.0,0.0,345770,0.14474117231208025,S,0
202,0,3,"Sage, Mr. Frederick",male,0.4903846153846155,1.0,0.3333333333333333,CA. 2343,1.0,S,0
203,0,3,"Johanson, Mr. Jakob Alfred",male,0.6057692307692307,0.0,0.0,3101264,0.09896944285313798,S,0
204,0,3,"Youseff, Mr. Gerious",male,0.8269230769230769,0.0,0.0,2628,0.11007947052155576,C,0
205,1,3,"Cohen, Mr. Gurshon ""Gus""",male,0.2980769230769231,0.0,0.0,A/5 3540,0.12264909864339432,S,0
206,0,3,"Strom, Miss. Telma Matilda",female,0.0,0.0,0.16666666666666666,347054,0.15940573845422523,S,1
207,0,3,"Backstrom, Mr. Karl Alfred",male,0.5673076923076923,0.125,0.0,3101278,0.24148921906804965,S,0
208,1,3,"Albimona, Mr. Nassef Cassem",male,0.4519230769230769,0.0,0.0,2699,0.2862447131382324,C,0
209,1,3,"Carr, Miss. Helen ""Ellen""",female,0.25961538461538464,0.0,0.0,367231,0.11807832478090757,Q,0
210,1,1,"Blank, Mr. Henry",male,0.7211538461538461,0.0,0.0,112277,0.4723132991236303,C,1
211,0,3,"Ali, Mr. Ahmed",male,0.4134615384615385,0.0,0.0,SOTON/O.Q. 3101311,0.10741318576843849,S,0
212,1,2,"Cameron, Miss. Clear Annie",female,0.625,0.0,0.0,F.C.C. 13528,0.31995417037407214,S,0
213,0,3,"Perkin, Mr. John Henry",male,0.37500000000000006,0.0,0.0,A/5 21174,0.11046036834342966,S,0
214,0,2,"Givard, Mr. Hans Kristensen",male,0.5288461538461539,0.0,0.0,250646,0.1980668673744256,S,0
215,0,3,"Kiernan, Mr. Philip",male,0.4903846153846155,0.125,0.0,367229,0.11807832478090757,Q,0
216,1,1,"Newell, Miss. Madeleine",female,0.548076923076923,0.125,0.0,35273,1.0,C,1
217,1,3,"Honkanen, Miss. Eliina",female,0.4711538461538462,0.0,0.0,STON/O2. 3101283,0.12074460953402483,S,0
218,0,2,"Jacobsohn, Mr. Sidney Samuel",male,0.7596153846153846,0.125,0.0,243847,0.411369647623807,S,0
219,1,1,"Bazzani, Miss. Albina",female,0.5673076923076923,0.0,0.0,11813,1.0,C,1
220,0,2,"Harris, Mr. Walter",male,0.5288461538461539,0.0,0.0,W/C 14208,0.15997708518703607,S,0
221,1,3,"Sunderland, Mr. Victor Francis",male,0.25961538461538464,0.0,0.0,SOTON/OQ 392089,0.12264909864339432,S,0
222,0,2,"Bracken, Mr. James H",male,0.4711538461538462,0.0,0.0,220367,0.1980668673744256,S,0
223,0,3,"Green, Mr. George Henry",male,0.9326923076923077,0.0,0.0,21440,0.12264909864339432,S,0
224,0,3,"Nenkoff, Mr. Christo",male,0.4903846153846155,0.0,0.0,349234,0.12029972087807612,S,0
225,1,1,"Hoyt, Mr. Frederick Maxfield",male,0.6826923076923077,0.125,0.0,19943,1.0,S,1
226,0,3,"Berglund, Mr. Karl Ivar Sven",male,0.37500000000000006,0.0,0.0,PP 4348,0.14245578538083686,S,0
227,1,2,"Mellors, Mr. William John",male,0.31730769230769235,0.0,0.0,SW/PP 751,0.15997708518703607,S,0
228,0,3,"Lovell, Mr. John Hall (""Henry"")",male,0.3461538461538462,0.0,0.0,A/5 21173,0.11046036834342966,S,0
229,0,2,"Fahlstrom, Mr. Arne Jonas",male,0.2980769230769231,0.0,0.0,236171,0.1980668673744256,S,0
230,0,3,"Lefebre, Miss. Mathilde",female,0.4903846153846155,0.375,0.16666666666666666,4133,0.3880084224126373,S,0
231,1,1,"Harris, Mrs. Henry Birkhardt (Irene Wallach)",female,0.625,0.125,0.0,36973,1.0,S,1
232,0,3,"Larsson, Mr. Bengt Edvin",male,0.5096153846153846,0.0,0.0,347067,0.11845922260278147,S,0
233,0,2,"Sjostedt, Mr. Ernst Adolf",male,1.0,0.0,0.0,237442,0.2056848238119035,S,0
234,1,3,"Asplund, Miss. Lillian Gertrud",female,0.04807692307692308,0.5,0.3333333333333333,347077,0.47821721536267564,S,0
235,0,2,"Leyson, Mr. Robert William Norman",male,0.4134615384615385,0.0,0.0,C.A. 29566,0.15997708518703607,S,0
236,0,3,"Harknett, Miss. Alice Phoebe",female,0.4903846153846155,0.0,0.0,W./C. 6609,0.1150311422059164,S,0
237,0,2,"Hold, Mr. Stephen",male,0.7980769230769231,0.125,0.0,26707,0.3961337347488512,S,0
238,1,2,"Collyer, Miss. Marjorie ""Lottie""",female,0.10576923076923078,0.0,0.3333333333333333,C.A. 31921,0.39994271296759015,S,0
239,0,2,"Pengelly, Mr. Frederick William",male,0.31730769230769235,0.0,0.0,28665,0.15997708518703607,S,0
240,0,2,"Hunt, Mr. George Henry",male,0.5865384615384616,0.0,0.0,SCO/W 1585,0.18702083054008264,S,0
241,0,3,"Zabour, Miss. Thamine",female,0.4903846153846155,0.125,0.0,2665,0.22022293187718633,C,0
242,1,3,"Murphy, Miss. Katherine ""Kate""",female,0.4903846153846155,0.125,0.0,367230,0.23615664956181515,Q,0
243,0,2,"Coleridge, Mr. Reginald Charles",male,0.5096153846153846,0.0,0.0,W./C. 14263,0.15997708518703607,S,0
244,0,3,"Maenpaa, Mr. Matti Alexanteri",male,0.37500000000000006,0.0,0.0,STON/O 2. 3101275,0.10855587923406018,S,0
245,0,3,"Attalah, Mr. Sleiman",male,0.5288461538461539,0.0,0.0,2694,0.11007947052155576,C,0
246,0,1,"Minahan, Dr. William Edward",male,0.7980769230769231,0.25,0.0,19928,1.0,Q,1
247,0,3,"Lindahl, Miss. Agda Thorilda Viktoria",female,0.4326923076923077,0.0,0.0,347071,0.11845922260278147,S,0
248,1,2,"Hamalainen, Mrs. William (Anna)",female,0.4134615384615385,0.0,0.3333333333333333,250649,0.22092073668685933,S,0
249,1,1,"Beckwith, Mr. Richard Leonard",male,0.6634615384615384,0.125,0.16666666666666666,11751,0.8007112124130029,S,1
250,0,2,"Carter, Rev. Ernest Courtenay",male,0.9903846153846154,0.125,0.0,244252,0.3961337347488512,S,0
251,0,3,"Reed, Mr. James George",male,0.4903846153846155,0.0,0.0,362316,0.11046036834342966,S,0
252,0,3,"Strom, Mrs. Wilhelm (Elna Matilda Persson)",female,0.5096153846153846,0.125,0.16666666666666666,347054,0.15940573845422523,S,1
253,0,1,"Stead, Mr. William Thomas",male,1.0,0.0,0.0,113514,0.40451348683007693,S,1
254,0,3,"Lobb, Mr. William Arthur",male,0.5288461538461539,0.125,0.0,A/5. 3336,0.24529819728678864,S,0
255,0,3,"Rosblom, Mrs. Viktor (Helena Wilhelmina)",female,0.7403846153846154,0.0,0.3333333333333333,370129,0.3079558889850444,S,0
256,1,3,"Touma, Mrs. Darwis (Hanne Youssef Razi)",female,0.5096153846153846,0.0,0.3333333333333333,2650,0.23228368050900136,C,0
257,1,1,"Thorne, Mrs. Gertrude Maybelle",female,0.4903846153846155,0.0,0.0,PC 17585,1.0,C,0
258,1,1,"Cherry, Miss. Gladys",female,0.5288461538461539,0.0,0.0,110152,1.0,S,1
259,1,1,"Ward, Miss. Anna",female,0.625,0.0,0.0,PC 17755,1.0,C,0
260,1,2,"Parrish, Mrs. (Lutie Davis)",female,0.9134615384615384,0.0,0.16666666666666666,230433,0.3961337347488512,S,0
261,0,3,"Smith, Mr. Thomas",male,0.4903846153846155,0.0,0.0,384461,0.11807832478090757,Q,0
262,1,3,"Asplund, Master. Edvin Rojj Felix",male,0.009615384615384616,0.5,0.3333333333333333,347077,0.47821721536267564,S,0
263,0,1,"Taussig, Mr. Emil",male,0.9519230769230769,0.125,0.16666666666666666,110413,1.0,S,1
264,0,1,"Harrison, Mr. William",male,0.7211538461538461,0.0,0.0,112059,0.0,S,1
265,0,3,"Henry, Miss. Delia",female,0.4903846153846155,0.0,0.0,382649,0.11807832478090757,Q,0
266,0,2,"Reeves, Mr. David",male,0.6442307692307692,0.0,0.0,C.A. 17248,0.15997708518703607,S,0
267,0,3,"Panula, Mr. Ernesti Arvid",male,0.25961538461538464,0.5,0.16666666666666666,3101295,0.6046752922248089,S,0
268,1,3,"Persson, Mr. Ernst Ulrik",male,0.4326923076923077,0.125,0.0,347083,0.11845922260278147,S,0
269,1,1,"Graham, Mrs. William Thompson (Edith Junkins)",female,1.0,0.0,0.16666666666666666,PC 17582,1.0,S,1
270,1,1,"Bissette, Miss. Amelia",female,0.625,0.0,0.0,PC 17760,1.0,S,1
271,0,1,"Cairns, Mr. Alexander",male,0.4903846153846155,0.0,0.0,113798,0.4723132991236303,S,0
272,1,3,"Tornquist, Mr. William Henry",male,0.4326923076923077,0.0,0.0,LINE,0.0,S,0
273,1,2,"Mellinger, Mrs. (Elizabeth Anne Maidment)",female,0.7403846153846154,0.0,0.16666666666666666,250644,0.29710030106163837,S,0
274,0,1,"Natsch, Mr. Charles H",male,0.6634615384615384,0.0,0.16666666666666666,PC 17596,0.4525066123861877,C,1
275,1,3,"Healy, Miss. Hanora ""Nora""",female,0.4903846153846155,0.0,0.0,370375,0.11807832478090757,Q,0
276,1,1,"Andrews, Miss. Kornelia Theodosia",female,1.0,0.125,0.0,13502,1.0,S,1
277,0,3,"Lindblom, Miss. Augusta Charlotta",female,0.8173076923076923,0.0,0.0,347073,0.11807832478090757,S,0
278,0,2,"Parkes, Mr. Francis ""Frank""",male,0.4903846153846155,0.0,0.0,239853,0.0,S,0
279,0,3,"Rice, Master. Eric",male,0.08653846153846156,0.5,0.16666666666666666,382652,0.4437459624830881,Q,0
280,1,3,"Abbott, Mrs. Stanton (Rosa Hunt)",female,0.625,0.125,0.16666666666666666,C.A. 2673,0.30852723571785523,S,0
281,0,3,"Duane, Mr. Frank",male,1.0,0.0,0.0,336439,0.11807832478090757,Q,0
282,0,3,"Olsson, Mr. Nils Johan Goransson",male,0.4903846153846155,0.0,0.0,347464,0.11966590690247796,S,0
283,0,3,"de Pelsmaeker, Mr. Alfons",male,0.25961538461538464,0.0,0.0,345778,0.14474117231208025,S,0
284,1,3,"Dorking, Mr. Edward Arthur",male,0.31730769230769235,0.0,0.0,A/5. 10482,0.12264909864339432,S,0
285,0,1,"Smith, Mr. Richard William",male,0.4903846153846155,0.0,0.0,113056,0.3961337347488512,S,1
286,0,3,"Stankovic, Mr. Ivan",male,0.5865384615384616,0.0,0.0,349239,0.13198109527930474,C,0
287,1,3,"de Mulder, Mr. Theodore",male,0.5288461538461539,0.0,0.0,345774,0.14474117231208025,S,0
288,0,3,"Naidenoff, Mr. Penko",male,0.37500000000000006,0.0,0.0,349206,0.12029972087807612,S,0
289,1,2,"Hosono, Mr. Masabumi",male,0.7596153846153846,0.0,0.0,237798,0.1980668673744256,S,0
290,1,3,"Connolly, Miss. Kate",female,0.37500000000000006,0.0,0.0,370373,0.11807832478090757,Q,0
291,1,1,"Barber, Miss. Ellen ""Nellie""",female,0.4519230769230769,0.0,0.0,19877,1.0,S,0
292,1,1,"Bishop, Mrs. Dickinson H (Helen Walton)",female,0.31730769230769235,0.125,0.0,11967,1.0,C,1
293,0,2,"Levy, Mr. Rene Jacques",male,0.6442307692307692,0.0,0.0,SC/Paris 2163,0.19616237826505611,C,1
294,0,3,"Haas, Miss. Aloisia",female,0.4134615384615385,0.0,0.0,349236,0.13483782894335897,S,0
295,0,3,"Mineff, Mr. Ivan",male,0.4134615384615385,0.0,0.0,349233,0.12029972087807612,S,0
296,0,1,"Lewy, Mr. Ervin G",male,0.4903846153846155,0.0,0.0,PC 17612,0.42235169362407515,C,0
297,0,3,"Hanna, Mr. Mansour",male,0.40384615384615385,0.0,0.0,2693,0.11014346135563058,C,0
298,0,1,"Allison, Miss. Helen Loraine",female,0.0,0.125,0.3333333333333333,113781,1.0,S,1
299,1,1,"Saalfeld, Mr. Adolphe",male,0.4903846153846155,0.0,0.0,19988,0.46469534268615237,S,1
300,1,1,"Baxter, Mrs. James (Helene DeLaudeniere Chaput)",female,0.9134615384615384,0.0,0.16666666666666666,PC 17558,1.0,C,1
301,1,3,"Kelly, Miss. Anna Katherine ""Annie Kate""",female,0.4903846153846155,0.0,0.0,9234,0.11807832478090757,Q,0
302,1,3,"McCoy, Mr. Bernard",male,0.4903846153846155,0.25,0.0,367226,0.3542349743427227,Q,0
303,0,3,"Johnson, Mr. William Cahoone Jr",male,0.31730769230769235,0.0,0.0,LINE,0.0,S,0
304,1,2,"Keane, Miss. Nora A",female,0.4903846153846155,0.0,0.0,226593,0.18816352400570432,Q,1
305,0,3,"Williams, Mr. Howard Hugh ""Harry""",male,0.4903846153846155,0.0,0.0,A/5 2466,0.12264909864339432,S,0
306,1,1,"Allison, Master. Hudson Trevor",male,0.0,0.125,0.3333333333333333,113781,1.0,S,1
307,1,1,"Fleming, Miss. Margaret",female,0.4903846153846155,0.0,0.0,17421,1.0,C,0
308,1,1,"Penasco y Castellana, Mrs. Victor de Satode (Maria Josefa Perez de Soto y Vallejo)",female,0.27884615384615385,0.125,0.0,PC 17758,1.0,C,1
309,0,2,"Abelson, Mr. Samuel",male,0.5288461538461539,0.125,0.0,P/PP 3381,0.3656619089989396,C,0
310,1,1,"Francatelli, Miss. Laura Mabel",female,0.5288461538461539,0.0,0.0,PC 17485,0.8673683312409346,C,1
311,1,1,"Hays, Miss. Margaret Bechstein",female,0.4134615384615385,0.0,0.0,11767,1.0,C,1
312,1,1,"Ryerson, Miss. Emily Borie",female,0.2980769230769231,0.25,0.3333333333333333,PC 17608,1.0,C,1
313,0,2,"Lahtinen, Mrs. William (Anna Sylfven)",female,0.4519230769230769,0.125,0.16666666666666666,250651,0.3961337347488512,S,0
314,0,3,"Hendekovic, Mr. Ignjac",male,0.4903846153846155,0.0,0.0,349243,0.12029972087807612,S,0
315,0,2,"Hart, Mr. Benjamin",male,0.7788461538461539,0.125,0.16666666666666666,F.C.C. 13529,0.39994271296759015,S,0
316,1,3,"Nilsson, Miss. Helmina Josefina",female,0.4519230769230769,0.0,0.0,347470,0.11966590690247796,S,0
317,1,2,"Kantor, Mrs. Sinai (Miriam Sternin)",female,0.4134615384615385,0.125,0.0,244367,0.3961337347488512,S,0
318,0,2,"Moraweck, Dr. Ernest",male,0.9903846153846154,0.0,0.0,29011,0.2133027802493814,S,0
319,1,1,"Wick, Miss. Mary Natalie",female,0.548076923076923,0.0,0.3333333333333333,36928,1.0,S,1
320,1,1,"Spedden, Mrs. Frederic Oakley (Margaretta Corning Stone)",female,0.7211538461538461,0.125,0.16666666666666666,16966,1.0,C,1
321,0,3,"Dennis, Mr. Samuel",male,0.37500000000000006,0.0,0.0,A/5 21172,0.11046036834342966,S,0
322,0,3,"Danoff, Mr. Yoto",male,0.4711538461538462,0.0,0.0,349219,0.12029972087807612,S,0
323,1,2,"Slayter, Miss. Hilda Mary",female,0.5288461538461539,0.0,0.0,234818,0.18816352400570432,Q,0
324,1,2,"Caldwell, Mrs. Albert Francis (Sylvia Mae Harbaugh)",female,0.37500000000000006,0.125,0.16666666666666666,248738,0.44184147337371865,S,0
325,0,3,"Sage, Mr. George John Jr",male,0.4903846153846155,1.0,0.3333333333333333,CA. 2343,1.0,S,0
326,1,1,"Young, Miss. Marie Grice",female,0.6442307692307692,0.0,0.0,PC 17760,1.0,C,1
327,0,3,"Nysveen, Mr. Johan Hansen",male,1.0,0.0,0.0,345364,0.0950340065575369,S,0
328,1,2,"Ball, Mrs. (Ada E Hall)",female,0.6442307692307692,0.0,0.0,28551,0.1980668673744256,S,1
329,1,3,"Goldsmith, Mrs. Frank John (Emily Alice Brown)",female,0.548076923076923,0.125,0.16666666666666666,363291,0.31271711175846806,S,0
330,1,1,"Hippach, Miss. Jean Gertrude",female,0.25961538461538464,0.0,0.16666666666666666,111361,0.8833660397596382,C,1
331,1,3,"McCoy, Miss. Agnes",female,0.4903846153846155,0.25,0.0,367226,0.3542349743427227,Q,0
332,0,1,"Partner, Mr. Austen",male,0.8269230769230769,0.0,0.0,113043,0.4342235169362407,S,1
333,0,1,"Graham, Mr. George Edward",male,0.6826923076923077,0.0,0.16666666666666666,PC 17582,1.0,S,1
334,0,3,"Vander Planke, Mr. Leo Edmondus",male,0.25961538461538464,0.25,0.0,345764,0.27424643174920466,S,0
335,1,1,"Frauenthal, Mrs. Henry William (Clara Heinsheimer)",female,0.4903846153846155,0.125,0.0,PC 17611,1.0,S,0
336,0,3,"Denkoff, Mr. Mitto",male,0.4903846153846155,0.0,0.0,349225,0.12029972087807612,S,0
337,0,1,"Pears, Mr. Thomas Clinton",male,0.5096153846153846,0.125,0.0,113776,1.0,S,1
338,1,1,"Burns, Miss. Elizabeth Margaret",female,0.7403846153846154,0.0,0.0,16966,1.0,C,1
339,1,3,"Dahl, Mr. Karl Edwart",male,0.8173076923076923,0.0,0.0,7598,0.12264909864339432,S,0
340,0,1,"Blackwell, Mr. Stephen Weart",male,0.8173076923076923,0.0,0.0,113784,0.5408749070609314,S,1
341,1,2,"Navratil, Master. Edmond Roger",male,0.0,0.125,0.16666666666666666,230080,0.3961337347488512,S,1
342,1,1,"Fortune, Miss. Alice Elizabeth",female,0.4134615384615385,0.375,0.3333333333333333,19950,1.0,S,1
343,0,2,"Collander, Mr. Erik Gustaf",male,0.4903846153846155,0.0,0.0,248740,0.1980668673744256,S,0
344,0,2,"Sedgwick, Mr. Charles Frederick Waddington",male,0.4326923076923077,0.0,0.0,244361,0.1980668673744256,S,0
345,0,2,"Fox, Mr. Stanley Hubert",male,0.6442307692307692,0.0,0.0,229236,0.1980668673744256,S,0
346,1,2,"Brown, Miss. Amelia ""Mildred""",female,0.4134615384615385,0.0,0.0,248733,0.1980668673744256,S,1
347,1,2,"Smith, Miss. Marion Elsie",female,0.7211538461538461,0.0,0.0,31418,0.1980668673744256,S,0
348,1,3,"Davison, Mrs. Thomas Henry (Mary E Finck)",female,0.4903846153846155,0.125,0.0,386525,0.24529819728678864,S,0
349,1,3,"Coutts, Master. William Loch ""William""",male,0.009615384615384616,0.125,0.16666666666666666,C.A. 37671,0.24225101471179747,S,0
350,0,3,"Dimic, Mr. Jovan",male,0.7596153846153846,0.0,0.0,315088,0.13198109527930474,S,0
351,0,3,"Odahl, Mr. Nils Martin",male,0.3942307692307693,0.0,0.0,7267,0.1405512962714674,S,0
352,0,1,"Williams-Lambert, Mr. Fletcher Fellows",male,0.4903846153846155,0.0,0.0,113510,0.5332569506234536,S,1
353,0,3,"Elias, Mr. Tannous",male,0.24038461538461542,0.125,0.16666666666666666,2695,0.11014346135563058,C,0
354,0,3,"Arnold-Franchi, Mr. Josef",male,0.4326923076923077,0.125,0.0,349237,0.2711992491742135,S,0
355,0,3,"Yousif, Mr. Wazli",male,0.4903846153846155,0.0,0.0,2647,0.11007947052155576,C,0
356,0,3,"Vanden Steen, Mr. Leo Peter",male,0.4903846153846155,0.0,0.0,345783,0.14474117231208025,S,0
357,1,1,"Bowerman, Miss. Elsie Edith",female,0.37500000000000006,0.0,0.16666666666666666,113505,0.8379752081225699,S,1
358,0,2,"Funk, Miss. Annie Clemmer",female,0.6826923076923077,0.0,0.0,237671,0.1980668673744256,S,0
359,1,3,"McGovern, Miss. Mary",female,0.4903846153846155,0.0,0.0,330931,0.12004680472435186,Q,0
360,1,3,"Mockler, Miss. Helen Mary ""Ellie""",female,0.4903846153846155,0.0,0.0,330980,0.12004680472435186,Q,0
361,0,3,"Skoog, Mr. Wilhelm",male,0.7211538461538461,0.125,0.6666666666666666,347088,0.42508196921126723,S,0
362,0,2,"del Carlo, Mr. Sebastiano",male,0.5096153846153846,0.125,0.0,SC/PARIS 2167,0.42235169362407515,C,0
363,0,3,"Barbara, Mrs. (Catherine David)",female,0.8173076923076923,0.0,0.16666666666666666,2691,0.22022293187718633,C,0
364,0,3,"Asim, Mr. Adola",male,0.625,0.0,0.0,SOTON/O.Q. 3101310,0.10741318576843849,S,0
365,0,3,"O'Brien, Mr. Thomas",male,0.4903846153846155,0.125,0.0,370365,0.23615664956181515,Q,0
366,0,3,"Adahl, Mr. Mauritz Nils Martin",male,0.5288461538461539,0.0,0.0,C 7076,0.11046036834342966,S,0
367,1,1,"Warren, Mrs. Frank Manley (Anna Sophia Atkinson)",female,1.0,0.125,0.0,110813,1.0,C,1
368,1,3,"Moussa, Mrs. (Mantoura Boulos)",female,0.4903846153846155,0.0,0.0,2626,0.11014346135563058,C,0
369,1,3,"Jermyn, Miss. Annie",female,0.4903846153846155,0.0,0.0,14313,0.11807832478090757,Q,0
370,1,1,"Aubart, Mme. Leontine Pauline",female,0.4134615384615385,0.0,0.0,PC 17477,1.0,C,1
371,1,1,"Harder, Mr. George Achilles",male,0.4326923076923077,0.125,0.0,11765,0.8447049108394378,C,1
372,0,3,"Wiklund, Mr. Jakob Alfred",male,0.2980769230769231,0.125,0.0,3101267,0.09896944285313798,S,0
373,0,3,"Beavan, Mr. William Thomas",male,0.31730769230769235,0.0,0.0,323951,0.12264909864339432,S,0
374,0,1,"Ringhini, Mr. Sante",male,0.37500000000000006,0.0,0.0,PC 17760,1.0,C,0
375,0,3,"Palsson, Miss. Stina Viola",female,0.009615384615384616,0.375,0.16666666666666666,349909,0.32109686383969377,S,0
376,1,1,"Meyer, Mrs. Edgar Joseph (Leila Saks)",female,0.4903846153846155,0.125,0.0,PC 17604,1.0,C,0
377,1,3,"Landergren, Miss. Aurora Adelia",female,0.37500000000000006,0.0,0.0,C 7077,0.11046036834342966,S,0
378,0,1,"Widener, Mr. Harry Elkins",male,0.4711538461538462,0.0,0.3333333333333333,113503,1.0,C,1
379,0,3,"Betros, Mr. Tannous",male,0.33653846153846156,0.0,0.0,2648,0.061134100410760214,C,0
380,0,3,"Gustafsson, Mr. Karl Gideon",male,0.31730769230769235,0.0,0.0,347069,0.11845922260278147,S,0
381,1,1,"Bidois, Miss. Rosalie",female,0.7596153846153846,0.0,0.0,PC 17757,1.0,C,0
382,1,3,"Nakid, Miss. Maria (""Mary"")",female,0.0,0.0,0.3333333333333333,2653,0.23983916970369196,C,0
383,0,3,"Tikkanen, Mr. Juho",male,0.5673076923076923,0.0,0.0,STON/O 2. 3101293,0.12074460953402483,S,0
384,1,1,"Holverson, Mrs. Alexander Oskar (Mary Aline Towner)",female,0.625,0.125,0.0,113789,0.7922674694977024,S,0
385,0,3,"Plotcharsky, Mr. Vasil",male,0.4903846153846155,0.0,0.0,349227,0.12029972087807612,S,0
386,0,2,"Davies, Mr. Charles Henry",male,0.2980769230769231,0.0,0.0,S.O.C. 14879,1.0,S,0
387,0,3,"Goodwin, Master. Sidney Leonard",male,0.0,0.625,0.3333333333333333,CA 2144,0.7145643138354277,S,0
388,1,2,"Buss, Miss. Kate",female,0.6442307692307692,0.0,0.0,27849,0.1980668673744256,S,0
389,0,3,"Sadlier, Mr. Matthew",male,0.4903846153846155,0.0,0.0,367655,0.11776141779310847,Q,0
390,1,2,"Lehmann, Miss. Bertha",female,0.27884615384615385,0.0,0.0,SC 1748,0.1828309544994698,C,0
391,1,1,"Carter, Mr. William Ernest",male,0.6442307692307692,0.125,0.3333333333333333,113760,1.0,S,1
392,1,3,"Jansson, Mr. Carl Olof",male,0.3557692307692308,0.0,0.0,350034,0.11877612959058054,S,0
393,0,3,"Gustafsson, Mr. Johan Birger",male,0.4903846153846155,0.25,0.0,3101277,0.12074460953402483,S,0
394,1,1,"Newell, Miss. Marjorie",female,0.3942307692307693,0.125,0.0,35273,1.0,C,1
395,1,3,"Sandstrom, Mrs. Hjalmar (Agnes Charlotta Bengtsson)",female,0.4134615384615385,0.0,0.3333333333333333,PP 9549,0.2544397450117621,S,1
396,0,3,"Johansson, Mr. Erik",male,0.37500000000000006,0.0,0.0,350052,0.11877612959058054,S,0
397,0,3,"Olsson, Miss. Elina",female,0.548076923076923,0.0,0.0,350407,0.11966590690247796,S,0
398,0,2,"McKane, Mr. Peter David",male,0.8365384615384616,0.0,0.0,28403,0.3961337347488512,S,0
399,0,2,"Pain, Dr. Alfred",male,0.3942307692307693,0.0,0.0,244278,0.15997708518703607,S,0
400,1,2,"Trout, Mrs. William H (Jessie L)",female,0.4903846153846155,0.0,0.0,240929,0.19273429786819107,S,0
401,1,3,"Niskanen, Mr. Juha",male,0.7019230769230769,0.0,0.0,STON/O 2. 3101289,0.12074460953402483,S,0
402,0,3,"Adams, Mr. John",male,0.4519230769230769,0.0,0.0,341826,0.12264909864339432,S,0
403,0,3,"Jussila, Miss. Mari Aina",female,0.3557692307692308,0.125,0.0,4137,0.14969284399644087,S,0
404,0,3,"Hakkarainen, Mr. Pekka Pietari",male,0.4903846153846155,0.125,0.0,STON/O2. 3101279,0.24148921906804965,S,0
405,0,3,"Oreskovic, Miss. Marija",female,0.33653846153846156,0.0,0.0,315096,0.13198109527930474,S,0
406,0,2,"Gale, Mr. Shadrach",male,0.6057692307692307,0.125,0.0,28664,0.31995417037407214,S,0
407,0,3,"Widegren, Mr. Carl/Charles Peter",male,0.9326923076923077,0.0,0.0,347064,0.11807832478090757,S,0
408,1,2,"Richards, Master. William Rowe",male,0.009615384615384616,0.125,0.16666666666666666,29106,0.2856733664054215,S,0
409,0,3,"Birkeland, Mr. Hans Martin Monsen",male,0.3557692307692308,0.0,0.0,312992,0.11845922260278147,S,0
410,0,3,"Lefebre, Miss. Ida",female,0.4903846153846155,0.375,0.16666666666666666,4133,0.3880084224126373,S,0
411,0,3,"Sdycoff, Mr. Todor",male,0.4903846153846155,0.0,0.0,349222,0.12029972087807612,S,0
412,0,3,"Hart, Mr. Henry",male,0.4903846153846155,0.0,0.0,394140,0.10449246127030946,Q,0
413,1,1,"Minahan, Miss. Daisy E",female,0.5865384615384616,0.125,0.0,19928,1.0,Q,1
414,0,2,"Cunningham, Mr. Alfred Fleming",male,0.4903846153846155,0.0,0.0,239853,0.0,S,0
415,1,3,"Sundman, Mr. Johan Julian",male,0.7980769230769231,0.0,0.0,STON/O 2. 3101269,0.12074460953402483,S,0
416,0,3,"Meek, Mrs. Thomas (Annie Louise Rowley)",female,0.4903846153846155,0.0,0.0,343095,0.12264909864339432,S,0
417,1,2,"Drew, Mrs. James Vivian (Lulu Thorne Christian)",female,0.6057692307692307,0.125,0.16666666666666666,28220,0.495167168436064,S,0
418,1,2,"Silven, Miss. Lyyli Karoliina",female,0.2980769230769231,0.0,0.3333333333333333,250652,0.1980668673744256,S,0
419,0,2,"Matthews, Mr. William John",male,0.5288461538461539,0.0,0.0,28228,0.1980668673744256,S,0
420,0,3,"Van Impe, Miss. Catharina",female,0.14423076923076925,0.0,0.3333333333333333,345773,0.36794729593018294,S,0
421,0,3,"Gheorgheff, Mr. Stanio",male,0.4903846153846155,0.0,0.0,349254,0.12029972087807612,C,0
422,0,3,"Charters, Mr. David",male,0.3557692307692308,0.0,0.0,A/5. 13032,0.1178238850358958,Q,0
423,0,3,"Zimmerman, Mr. Leo",male,0.5096153846153846,0.0,0.0,315082,0.11998281389027704,S,0
424,0,3,"Danbom, Mrs. Ernst Gilbert (Anna Sigrid Maria Brogren)",female,0.4903846153846155,0.125,0.16666666666666666,347080,0.21939714539936375,S,0
425,0,3,"Rosblom, Mr. Viktor Richard",male,0.2980769230769231,0.125,0.16666666666666666,370129,0.3079558889850444,S,0
426,0,3,"Wiseman, Mr. Phillippe",male,0.4903846153846155,0.0,0.0,A/4. 34244,0.11046036834342966,S,0
427,1,2,"Clarke, Mrs. Charles V (Ada Maria Winfield)",female,0.4903846153846155,0.125,0.0,2003,0.3961337347488512,S,0
428,1,2,"Phillips, Miss. Kate Florence (""Mrs Kate Louise Phillips Marshall"")",female,0.31730769230769235,0.0,0.0,250655,0.3961337347488512,S,0
429,0,3,"Flynn, Mr. James",male,0.4903846153846155,0.0,0.0,364851,0.11807832478090757,Q,0
430,1,3,"Pickard, Mr. Berk (Berk Trembisky)",male,0.5673076923076923,0.0,0.0,SOTON/O.Q. 392078,0.12264909864339432,S,1
431,1,1,"Bjornstrom-Steffansson, Mr. Mauritz Hakan",male,0.4903846153846155,0.0,0.0,110564,0.40451348683007693,S,1
432,1,3,"Thorneycroft, Mrs. Percival (Florence Kate White)",female,0.4903846153846155,0.125,0.0,376564,0.24529819728678864,S,0
433,1,2,"Louch, Mrs. Charles Alexander (Alice Adelaide Slow)",female,0.7596153846153846,0.125,0.0,SC/AH 3085,0.3961337347488512,S,0
434,0,3,"Kallio, Mr. Nikolai Erland",male,0.27884615384615385,0.0,0.0,STON/O 2. 3101274,0.10855587923406018,S,0
435,0,1,"Silvey, Mr. William Baird",male,0.9134615384615384,0.125,0.0,13507,0.85168752971003,S,1
436,1,1,"Carter, Miss. Lucile Polk",female,0.2211538461538462,0.125,0.3333333333333333,113760,1.0,S,1
437,0,3,"Ford, Miss. Doolina Margaret ""Daisy""",female,0.3557692307692308,0.25,0.3333333333333333,W./C. 6608,0.5237345050766061,S,0
438,1,2,"Richards, Mrs. Sidney (Emily Hocking)",female,0.4134615384615385,0.25,0.5,29106,0.2856733664054215,S,0
439,0,1,"Fortune, Mr. Mark",male,1.0,0.125,0.6666666666666666,19950,1.0,S,1
440,0,2,"Kvillner, Mr. Johan Henrik Johannesson",male,0.548076923076923,0.0,0.0,C.A. 18723,0.15997708518703607,S,0
441,1,2,"Hart, Mrs. Benjamin (Esther Ada Bloomfield)",female,0.8173076923076923,0.125,0.16666666666666666,F.C.C. 13529,0.39994271296759015,S,0
442,0,3,"Hampe, Mr. Leon",male,0.33653846153846156,0.0,0.0,345769,0.14474117231208025,S,0
443,0,3,"Petterson, Mr. Johan Emil",male,0.4326923076923077,0.125,0.0,347076,0.11845922260278147,S,0
444,1,2,"Reynaldo, Ms. Encarnacion",female,0.4903846153846155,0.0,0.0,230434,0.1980668673744256,S,0
445,1,3,"Johannesen-Bratthammer, Mr. Bernt",male,0.4903846153846155,0.0,0.0,65306,0.12360134319807906,S,0
446,1,1,"Dodge, Master. Washington",male,0.028846153846153848,0.0,0.3333333333333333,33638,1.0,S,1
447,1,2,"Mellinger, Miss. Madeleine Violet",female,0.20192307692307693,0.0,0.16666666666666666,250644,0.29710030106163837,S,0
448,1,1,"Seward, Mr. Frederic Kimber",male,0.6057692307692307,0.0,0.0,113794,0.40451348683007693,S,0
449,1,3,"Baclini, Miss. Marie Catherine",female,0.04807692307692308,0.25,0.16666666666666666,2666,0.29341778091976156,C,0
450,1,1,"Peuchen, Major. Arthur Godfrey",male,0.9519230769230769,0.0,0.0,113786,0.46469534268615237,S,1
451,0,2,"West, Mr. Edwy Arthur",male,0.6442307692307692,0.125,0.3333333333333333,C.A. 34651,0.42279658228002387,S,0
452,0,3,"Hagland, Mr. Ingvald Olai Olsen",male,0.4903846153846155,0.125,0.0,65303,0.3042109016003803,S,0
453,0,1,"Foreman, Mr. Benjamin Laventall",male,0.5288461538461539,0.0,0.0,113051,0.42279658228002387,C,1
454,1,1,"Goldenberg, Mr. Samuel L",male,0.8942307692307693,0.125,0.0,17453,1.0,C,1
455,0,3,"Peduzzi, Mr. Joseph",male,0.4903846153846155,0.0,0.0,A/5 2817,0.12264909864339432,S,0
456,1,3,"Jalsevac, Mr. Ivan",male,0.5096153846153846,0.0,0.0,349240,0.12029972087807612,C,0
457,0,1,"Millet, Mr. Francis Davis",male,1.0,0.0,0.0,13509,0.40451348683007693,S,1
458,1,1,"Kenyon, Mrs. Frederick R (Marion)",female,0.4903846153846155,0.125,0.0,17464,0.790172531477396,S,1
459,1,2,"Toomey, Miss. Ellen",female,0.9134615384615384,0.0,0.0,F.C.C. 13531,0.15997708518703607,S,0
460,0,3,"O'Connor, Mr. Maurice",male,0.4903846153846155,0.0,0.0,371060,0.11807832478090757,Q,0
461,1,1,"Anderson, Mr. Harry",male,0.875,0.0,0.0,19952,0.40451348683007693,S,1
462,0,3,"Morley, Mr. William",male,0.6057692307692307,0.0,0.0,364506,0.12264909864339432,S,0
463,0,1,"Gee, Mr. Arthur H",male,0.8557692307692307,0.0,0.0,111320,0.5865826456857989,S,1
464,0,2,"Milling, Mr. Jacob Christian",male,0.875,0.0,0.0,234360,0.1980668673744256,S,0
465,0,3,"Maisner, Mr. Simon",male,0.4903846153846155,0.0,0.0,A/S 2816,0.12264909864339432,S,0
466,0,3,"Goncalves, Mr. Manuel Estanslas",male,0.6826923076923077,0.0,0.0,SOTON/O.Q. 3101306,0.10741318576843849,S,0
467,0,2,"Campbell, Mr. William",male,0.4903846153846155,0.0,0.0,239853,0.0,S,0
468,0,1,"Smart, Mr. John Montgomery",male,1.0,0.0,0.0,113792,0.40451348683007693,S,0
469,0,3,"Scanlan, Mr. James",male,0.4903846153846155,0.0,0.0,36209,0.11769742695903367,Q,0
470,1,3,"Baclini, Miss. Helene Barbara",female,0.0,0.25,0.16666666666666666,2666,0.29341778091976156,C,0
471,0,3,"Keefe, Mr. Arthur",male,0.4903846153846155,0.0,0.0,323592,0.11046036834342966,S,0
472,0,3,"Cacic, Mr. Luka",male,0.6826923076923077,0.0,0.0,315089,0.13198109527930474,S,0
473,1,2,"West, Mrs. Edwy Arthur (Ada Mary Worth)",female,0.5865384615384616,0.125,0.3333333333333333,C.A. 34651,0.42279658228002387,S,0
474,1,2,"Jerwan, Mrs. Amin S (Marie Marthe Thuillard)",female,0.3942307692307693,0.0,0.0,SC/AH Basle 541,0.21012913959752813,C,1
475,0,3,"Strandberg, Miss. Ida Sofia",female,0.37500000000000006,0.0,0.0,7553,0.14988329290737784,S,0
476,0,1,"Clifford, Mr. George Quincy",male,0.4903846153846155,0.0,0.0,110465,0.7922674694977024,S,1
477,0,2,"Renouf, Mr. Peter Henry",male,0.6057692307692307,0.125,0.0,31027,0.31995417037407214,S,0
478,0,3,"Braund, Mr. Lewis Richard",male,0.5096153846153846,0.125,0.0,3460,0.10734919493436368,S,0
479,0,3,"Karlsson, Mr. Nils August",male,0.37500000000000006,0.0,0.0,350060,0.1145862535499677,S,0
480,1,3,"Hirvonen, Miss. Hildur E",female,0.0,0.0,0.16666666666666666,3101298,0.18721127945101956,S,0
481,0,3,"Goodwin, Master. Harold Victor",male,0.125,0.625,0.3333333333333333,CA 2144,0.7145643138354277,S,0
482,0,2,"Frost, Mr. Anthony Wood ""Archie""",male,0.4903846153846155,0.0,0.0,239854,0.0,S,0
483,0,3,"Rouse, Mr. Richard Henry",male,0.9134615384615384,0.0,0.0,A/5 3594,0.12264909864339432,S,0
484,1,3,"Turkula, Mrs. (Hedwig)",female,1.0,0.0,0.0,4134,0.14607431468863888,S,0
485,1,1,"Bishop, Mr. Dickinson H",male,0.4326923076923077,0.125,0.0,11967,1.0,C,1
486,0,3,"Lefebre, Miss. Jeannie",female,0.4903846153846155,0.375,0.16666666666666666,4133,0.3880084224126373,S,0
487,1,1,"Hoyt, Mrs. Frederick Maxfield (Jane Anne Forby)",female,0.625,0.125,0.0,19943,1.0,S,1
488,0,1,"Kent, Mr. Edward Austin",male,1.0,0.0,0.0,11771,0.4525066123861877,C,1
489,0,3,"Somerton, Mr. Francis William",male,0.5288461538461539,0.0,0.0,A.5. 18509,0.12264909864339432,S,0
490,1,3,"Coutts, Master. Eden Leslie ""Neville""",male,0.125,0.125,0.16666666666666666,C.A. 37671,0.24225101471179747,S,0
491,0,3,"Hagland, Mr. Konrad Mathias Reiersen",male,0.4903846153846155,0.125,0.0,65304,0.3042109016003803,S,0
492,0,3,"Windelov, Mr. Einar",male,0.3557692307692308,0.0,0.0,SOTON/OQ 3101317,0.11046036834342966,S,0
493,0,1,"Molson, Mr. Harry Markland",male,1.0,0.0,0.0,113787,0.46469534268615237,S,1
494,0,1,"Artagaveytia, Mr. Ramon",male,1.0,0.0,0.0,PC 17609,0.7542416781443876,C,0
495,0,3,"Stanley, Mr. Edward Roland",male,0.3557692307692308,0.0,0.0,A/4 45380,0.12264909864339432,S,0
496,0,3,"Yousseff, Mr. Gerious",male,0.4903846153846155,0.0,0.0,2627,0.22028539911997366,C,0
497,1,1,"Eustis, Miss. Elizabeth Mussey",female,0.9903846153846154,0.125,0.0,36947,1.0,C,1
498,0,3,"Shellard, Mr. Frederick William",male,0.4903846153846155,0.0,0.0,C.A. 6212,0.2300622844118328,S,0
499,0,1,"Allison, Mrs. Hudson J C (Bessie Waldo Daniels)",female,0.4326923076923077,0.125,0.3333333333333333,113781,1.0,S,1
500,0,3,"Svensson, Mr. Olof",male,0.4134615384615385,0.0,0.0,350035,0.11877612959058054,S,0
501,0,3,"Calic, Mr. Petar",male,0.27884615384615385,0.0,0.0,315086,0.13198109527930474,S,0
502,0,3,"Canavan, Miss. Mary",female,0.3557692307692308,0.0,0.0,364846,0.11807832478090757,Q,0
503,0,3,"O'Sullivan, Miss. Bridget Mary",female,0.4903846153846155,0.0,0.0,330909,0.1162378265056129,Q,0
504,0,3,"Laitinen, Miss. Kristina Sofia",female,0.6634615384615384,0.0,0.0,4135,0.14607431468863888,S,0
505,1,1,"Maioni, Miss. Roberta",female,0.25961538461538464,0.0,0.0,110152,1.0,S,1
506,0,1,"Penasco y Castellana, Mr. Victor de Satode",male,0.2980769230769231,0.125,0.0,PC 17758,1.0,C,1
507,1,2,"Quick, Mrs. Frederick Charles (Jane Richards)",female,0.5865384615384616,0.0,0.3333333333333333,26360,0.3961337347488512,S,0
508,1,1,"Bradley, Mr. George (""George Arthur Brayton"")",male,0.4903846153846155,0.0,0.0,111427,0.40451348683007693,S,0
509,0,3,"Olsen, Mr. Henry Margido",male,0.4903846153846155,0.0,0.0,C 4001,0.3431889375083797,S,0
510,1,3,"Lang, Mr. Fang",male,0.4519230769230769,0.0,0.0,1601,0.8607650866009288,S,0
511,1,3,"Daly, Mr. Eugene Patrick",male,0.5096153846153846,0.0,0.0,382651,0.11807832478090757,Q,0
512,0,3,"Webber, Mr. James",male,0.4903846153846155,0.0,0.0,SOTON/OQ 3101316,0.12264909864339432,S,0
513,1,1,"McGough, Mr. James Robert",male,0.6442307692307692,0.0,0.0,PC 17473,0.400514059700401,S,1
514,1,1,"Rothschild, Mrs. Martin (Elizabeth L. Barrett)",female,0.9903846153846154,0.125,0.0,PC 17603,0.9050132247723754,C,0
515,0,3,"Coleff, Mr. Satio",male,0.4134615384615385,0.0,0.0,349209,0.1142053557280938,S,0
516,0,1,"Walker, Mr. William Anderson",male,0.8557692307692307,0.0,0.0,36967,0.5183379447362968,S,1
517,1,2,"Lemore, Mrs. (Amelia Milley)",female,0.6057692307692307,0.0,0.0,C.A. 34260,0.15997708518703607,S,1
518,0,3,"Ryan, Mr. Patrick",male,0.4903846153846155,0.0,0.0,371110,0.36794729593018294,Q,0
519,1,2,"Angle, Mrs. William A (Florence ""Mary"" Agnes Hughes)",female,0.6442307692307692,0.125,0.0,226875,0.3961337347488512,S,0
520,0,3,"Pavlovic, Mr. Stefo",male,0.5673076923076923,0.0,0.0,349242,0.12029972087807612,S,0
521,1,1,"Perreault, Miss. Anne",female,0.5288461538461539,0.0,0.0,12749,1.0,S,1
522,0,3,"Vovk, Mr. Janko",male,0.37500000000000006,0.0,0.0,349252,0.12029972087807612,S,0
523,0,3,"Lahoud, Mr. Sarkis",male,0.4903846153846155,0.0,0.0,2624,0.11007947052155576,C,0
524,1,1,"Hippach, Mrs. Louis Albert (Ida Sophia Fischer)",female,0.7980769230769231,0.0,0.16666666666666666,111361,0.8833660397596382,C,1
525,0,3,"Kassem, Mr. Fared",male,0.4903846153846155,0.0,0.0,2700,0.11014346135563058,C,0
526,0,3,"Farrell, Mr. James",male,0.7307692307692307,0.0,0.0,367232,0.11807832478090757,Q,0
527,1,2,"Ridsdale, Miss. Lucy",female,0.9134615384615384,0.0,0.0,W./C. 14258,0.15997708518703607,S,0
528,0,1,"Farthing, Mr. John",male,0.4903846153846155,0.0,0.0,PC 17483,1.0,S,1
529,0,3,"Salonen, Mr. Johan Werner",male,0.7019230769230769,0.0,0.0,3101296,0.12074460953402483,S,0
530,0,2,"Hocking, Mr. Richard George",male,0.3942307692307693,0.25,0.16666666666666666,29104,0.17521299806199186,S,0
531,1,2,"Quick, Miss. Phyllis May",female,0.0,0.125,0.16666666666666666,26360,0.3961337347488512,S,0
532,0,3,"Toufik, Mr. Nakli",male,0.4903846153846155,0.0,0.0,2641,0.11014346135563058,C,0
533,0,3,"Elias, Mr. Joseph Jr",male,0.27884615384615385,0.125,0.16666666666666666,2690,0.11014346135563058,C,0
534,1,3,"Peter, Mrs. Catherine (Catherine Rizk)",female,0.4903846153846155,0.0,0.3333333333333333,2668,0.3406491108321246,C,0
535,0,3,"Cacic, Miss. Marija",female,0.5288461538461539,0.0,0.0,315084,0.13198109527930474,S,0
536,1,2,"Hart, Miss. Eva Miriam",female,0.08653846153846156,0.0,0.3333333333333333,F.C.C. 13529,0.39994271296759015,S,0
537,0,1,"Butt, Major. Archibald Willingham",male,0.8173076923076923,0.0,0.0,113050,0.40451348683007693,S,1
538,1,1,"LeRoy, Miss. Bertha",female,0.5288461538461539,0.0,0.0,PC 17761,1.0,C,0
539,0,3,"Risien, Mr. Samuel Beard",male,0.4903846153846155,0.0,0.0,364498,0.22092073668685933,S,0
540,1,1,"Frolicher, Miss. Hedwig Margaritha",female,0.37500000000000006,0.0,0.3333333333333333,13568,0.7541776873103129,C,1
541,1,1,"Crosby, Miss. Harriet R",female,0.6442307692307692,0.0,0.3333333333333333,WE/P 5735,1.0,S,1
542,0,3,"Andersson, Miss. Ingeborg Constanzia",female,0.125,0.5,0.3333333333333333,347082,0.4765031751642431,S,0
543,0,3,"Andersson, Miss. Sigrid Elisabeth",female,0.1634615384615385,0.5,0.3333333333333333,347082,0.4765031751642431,S,0
544,1,2,"Beane, Mr. Edward",male,0.5673076923076923,0.125,0.0,2908,0.3961337347488512,S,0
545,0,1,"Douglas, Mr. Walter Donald",male,0.9134615384615384,0.125,0.0,PC 17761,1.0,C,1
546,0,1,"Nicholson, Mr. Arthur Ernest",male,1.0,0.0,0.0,693,0.3961337347488512,S,0
547,1,2,"Beane, Mrs. Edward (Ethel Clarke)",female,0.31730769230769235,0.125,0.0,2908,0.3961337347488512,S,0
548,1,2,"Padro y Manent, Mr. Julian",male,0.4903846153846155,0.0,0.0,SC/PARIS 2146,0.211207842229075,C,0
549,0,3,"Goldsmith, Mr. Frank John",male,0.5865384615384616,0.125,0.16666666666666666,363291,0.31271711175846806,S,0
550,1,2,"Davies, Master. John Morgan Jr",male,0.10576923076923078,0.125,0.16666666666666666,C.A. 33112,0.5599197981546262,S,0
551,1,1,"Thayer, Mr. John Borland Jr",male,0.27884615384615385,0.0,0.3333333333333333,17421,1.0,C,1
552,0,2,"Sharp, Mr. Percival James R",male,0.4711538461538462,0.0,0.0,244358,0.3961337347488512,S,0
553,0,3,"O'Brien, Mr. Timothy",male,0.4903846153846155,0.0,0.0,330979,0.11928500908060408,Q,0
554,1,3,"Leeni, Mr. Fahim (""Philip Zenni"")",male,0.37500000000000006,0.0,0.0,2620,0.11007947052155576,C,0
555,1,3,"Ohman, Miss. Velin",female,0.37500000000000006,0.0,0.0,347085,0.11845922260278147,S,0
556,0,1,"Wright, Mr. George",male,1.0,0.0,0.0,113807,0.40451348683007693,S,0
557,1,1,"Duff Gordon, Lady. (Lucille Christiana Sutherland) (""Mrs Morgan"")",female,0.875,0.125,0.0,11755,0.6033421498482503,C,1
558,0,1,"Robbins, Mr. Victor",male,0.4903846153846155,0.0,0.0,PC 17757,1.0,C,0
559,1,1,"Taussig, Mrs. Emil (Tillie Mandelbaum)",female,0.7019230769230769,0.125,0.16666666666666666,110413,1.0,S,1
560,1,3,"de Messemaeker, Mrs. Guillaume Joseph (Emma)",female,0.6442307692307692,0.125,0.0,345572,0.26510488402423116,S,0
561,0,3,"Morrow, Mr. Thomas Rowan",male,0.4903846153846155,0.0,0.0,372622,0.11807832478090757,Q,0
562,0,3,"Sivic, Mr. Husein",male,0.7211538461538461,0.0,0.0,349251,0.12029972087807612,S,0
563,0,2,"Norman, Mr. Robert Douglas",male,0.4903846153846155,0.0,0.0,218629,0.2056848238119035,S,0
564,0,3,"Simmons, Mr. John",male,0.4903846153846155,0.0,0.0,SOTON/OQ 392082,0.12264909864339432,S,0
565,0,3,"Meanwell, Miss. (Marion Ogden)",female,0.4903846153846155,0.0,0.0,SOTON/O.Q. 392087,0.12264909864339432,S,0
566,0,3,"Davies, Mr. Alfred J",male,0.4134615384615385,0.25,0.0,A/4 48871,0.36794729593018294,S,0
567,0,3,"Stoytcheff, Mr. Ilia",male,0.31730769230769235,0.0,0.0,349205,0.12029972087807612,S,0
568,0,3,"Palsson, Mrs. Nils (Alma Cornelia Berglund)",female,0.5096153846153846,0.0,0.6666666666666666,349909,0.32109686383969377,S,0
569,0,3,"Doharr, Mr. Tannous",male,0.4903846153846155,0.0,0.0,2686,0.11014346135563058,C,0
570,1,3,"Jonsson, Mr. Carl",male,0.5673076923076923,0.0,0.0,350417,0.11966590690247796,S,0
571,1,2,"Harris, Mr. George",male,1.0,0.0,0.0,S.W./PP 752,0.15997708518703607,S,0
572,1,1,"Appleton, Mrs. Edward Dale (Charlotte Lamson)",female,0.9711538461538463,0.25,0.0,11769,0.7843326060724254,S,1
573,1,1,"Flynn, Mr. John Irwin (""Irving"")",male,0.6442307692307692,0.0,0.0,PC 17474,0.40203765098789657,S,1
574,1,3,"Kelly, Miss. Mary",female,0.4903846153846155,0.0,0.0,14312,0.11807832478090757,Q,0
575,0,3,"Rush, Mr. Alfred George John",male,0.25961538461538464,0.0,0.0,A/4. 20589,0.12264909864339432,S,0
576,0,3,"Patchett, Mr. George",male,0.31730769230769235,0.0,0.0,358585,0.22092073668685933,S,0
577,1,2,"Garside, Miss. Ethel",female,0.6057692307692307,0.0,0.0,243880,0.1980668673744256,S,0
578,1,1,"Silvey, Mrs. William Baird (Alice Munger)",female,0.7019230769230769,0.125,0.0,13507,0.85168752971003,S,1
579,0,3,"Caram, Mrs. Joseph (Maria Elias)",female,0.4903846153846155,0.125,0.0,2689,0.22028539911997366,C,0
580,1,3,"Jussila, Mr. Eiriik",male,0.5673076923076923,0.0,0.0,STON/O 2. 3101286,0.12074460953402483,S,0
581,1,2,"Christy, Miss. Julie Rachel",female,0.4326923076923077,0.125,0.16666666666666666,237789,0.45707738624867444,S,0
582,1,1,"Thayer, Mrs. John Borland (Marian Longstreth Morris)",female,0.7019230769230769,0.125,0.16666666666666666,17421,1.0,C,1
583,0,2,"Downton, Mr. William James",male,0.9903846153846154,0.0,0.0,28403,0.3961337347488512,S,0
584,0,1,"Ross, Mr. John Hugo",male,0.6442307692307692,0.0,0.0,13049,0.6113410041076021,C,1
585,0,3,"Paulner, Mr. Uscher",male,0.4903846153846155,0.0,0.0,3411,0.13274289092305255,C,0
586,1,1,"Taussig, Miss. Ruth",female,0.2980769230769231,0.0,0.3333333333333333,110413,1.0,S,1
587,0,2,"Jarvis, Mr. John Denzil",male,0.8557692307692307,0.0,0.0,237565,0.22853869312433722,S,0
588,1,1,"Frolicher-Stehli, Mr. Maxmillian",male,1.0,0.125,0.16666666666666666,13567,1.0,C,1
589,0,3,"Gilinski, Mr. Eliezer",male,0.37500000000000006,0.0,0.0,14973,0.12264909864339432,S,0
590,0,3,"Murdlin, Mr. Joseph",male,0.4903846153846155,0.0,0.0,A./5. 3235,0.12264909864339432,S,0
591,0,3,"Rintamaki, Mr. Matti",male,0.625,0.0,0.0,STON/O 2. 3101273,0.10855587923406018,S,0
592,1,1,"Stephenson, Mrs. Walter Bertram (Martha Eustis)",female,0.9519230769230769,0.125,0.0,36947,1.0,C,1
593,0,3,"Elsbury, Mr. William James",male,0.8557692307692307,0.0,0.0,A/5 3902,0.11046036834342966,S,0
594,0,3,"Bourke, Miss. Mary",female,0.4903846153846155,0.0,0.3333333333333333,364848,0.11807832478090757,Q,0
595,0,2,"Chapman, Mr. John Henry",male,0.6634615384615384,0.125,0.0,SC/AH 29037,0.3961337347488512,S,0
596,0,3,"Van Impe, Mr. Jean Baptiste",male,0.6442307692307692,0.125,0.16666666666666666,345773,0.36794729593018294,S,0
597,1,2,"Leitch, Miss. Jessie Wills",female,0.4903846153846155,0.0,0.0,248727,0.5027851248735419,S,0
598,0,3,"Johnson, Mr. Alfred",male,0.8942307692307693,0.0,0.0,LINE,0.0,S,0
599,0,3,"Boulos, Mr. Hanna",male,0.4903846153846155,0.0,0.0,2664,0.11007947052155576,C,0
600,1,1,"Duff Gordon, Sir. Cosmo Edmund (""Mr Morgan"")",male,0.8942307692307693,0.125,0.0,PC 17485,0.8673683312409346,C,1
601,1,2,"Jacobsohn, Mrs. Sidney Samuel (Amy Frances Christy)",female,0.4134615384615385,0.25,0.16666666666666666,243847,0.411369647623807,S,0
602,0,3,"Slabenoff, Mr. Petco",male,0.4903846153846155,0.0,0.0,349214,0.12029972087807612,S,0
603,0,1,"Harrington, Mr. Charles H",male,0.4903846153846155,0.0,0.0,113796,0.6460027058981266,S,0
604,0,3,"Torber, Mr. Ernst William",male,0.7980769230769231,0.0,0.0,364511,0.12264909864339432,S,0
605,1,1,"Homer, Mr. Harry (""Mr E Haven"")",male,0.625,0.0,0.0,111426,0.40451348683007693,C,0
606,0,3,"Lindell, Mr. Edvard Bengtsson",male,0.6442307692307692,0.125,0.0,349910,0.23691844520556293,S,0
607,0,3,"Karaic, Mr. Milan",male,0.5288461538461539,0.0,0.0,349246,0.12029972087807612,S,0
608,1,1,"Daniel, Mr. Robert Williams",male,0.4711538461538462,0.0,0.0,113804,0.46469534268615237,S,0
609,1,2,"Laroche, Mrs. Joseph (Juliette Marie Louise Lafargue)",female,0.37500000000000006,0.125,0.3333333333333333,SC/Paris 2123,0.6334970686103628,C,0
610,1,1,"Shutes, Miss. Elizabeth W",female,0.7211538461538461,0.0,0.0,PC 17582,1.0,S,1
611,0,3,"Andersson, Mrs. Anders Johan (Alfrida Konstantia Brogren)",female,0.7019230769230769,0.125,0.8333333333333333,347082,0.4765031751642431,S,0
612,0,3,"Jardin, Mr. Jose Neto",male,0.4903846153846155,0.0,0.0,SOTON/O.Q. 3101305,0.10741318576843849,S,0
613,1,3,"Murphy, Miss. Margaret Jane",female,0.4903846153846155,0.125,0.0,367230,0.23615664956181515,Q,0
614,0,3,"Horgan, Mr. John",male,0.4903846153846155,0.0,0.0,370377,0.11807832478090757,Q,0
615,0,3,"Brocklebank, Mr. William Alfred",male,0.625,0.0,0.0,364512,0.12264909864339432,S,0
616,1,2,"Herman, Miss. Alice",female,0.4134615384615385,0.125,0.3333333333333333,220845,0.990334336872128,S,0
617,0,3,"Danbom, Mr. Ernst Gilbert",male,0.6057692307692307,0.125,0.16666666666666666,347080,0.21939714539936375,S,0
618,0,3,"Lobb, Mrs. William Arthur (Cordelia K Stanlick)",female,0.4519230769230769,0.125,0.0,A/5. 3336,0.24529819728678864,S,0
619,1,2,"Becker, Miss. Marion Louise",female,0.028846153846153848,0.25,0.16666666666666666,230136,0.5942006021232767,S,1
620,0,2,"Gavey, Mr. Lawrence",male,0.4519230769230769,0.0,0.0,31028,0.15997708518703607,S,0
621,0,3,"Yasbeck, Mr. Antoni",male,0.4711538461538462,0.125,0.0,2659,0.22022293187718633,C,0
622,1,1,"Kimball, Mr. Edwin Nelson Jr",male,0.7596153846153846,0.125,0.0,11753,0.8007112124130029,S,1
623,1,3,"Nakid, Mr. Sahid",male,0.33653846153846156,0.125,0.16666666666666666,2653,0.23983916970369196,C,0
624,0,3,"Hansen, Mr. Henry Damsgaard",male,0.3557692307692308,0.0,0.0,350029,0.11966590690247796,S,0
625,0,3,"Bowen, Mr. David John ""Dai""",male,0.3557692307692308,0.0,0.0,54636,0.24529819728678864,S,0
626,0,1,"Sutton, Mr. Frederick",male,1.0,0.0,0.0,36963,0.4924368928488719,S,1
627,0,2,"Kirkland, Rev. Charles Leonard",male,1.0,0.0,0.0,219533,0.18816352400570432,Q,0
628,1,1,"Longley, Miss. Gretchen Fiske",female,0.3557692307692308,0.0,0.0,13502,1.0,S,1
629,0,3,"Bostandyeff, Mr. Guentcho",male,0.4519230769230769,0.0,0.0,349224,0.12029972087807612,S,0
630,0,3,"O'Connell, Mr. Patrick D",male,0.4903846153846155,0.0,0.0,334912,0.1178238850358958,Q,0
631,1,1,"Barkworth, Mr. Algernon Henry Wilson",male,1.0,0.0,0.0,27042,0.45707738624867444,S,1
632,0,3,"Lundahl, Mr. Johan Svensson",male,0.9326923076923077,0.0,0.0,347743,0.10747717660251331,S,0
633,1,1,"Stahelin-Maeglin, Dr. Max",male,0.5673076923076923,0.0,0.0,13214,0.46469534268615237,C,1
634,0,1,"Parr, Mr. William Henry Marsh",male,0.4903846153846155,0.0,0.0,112052,0.0,S,0
635,0,3,"Skoog, Miss. Mabel",female,0.125,0.375,0.3333333333333333,347088,0.42508196921126723,S,0
636,1,2,"Davis, Miss. Mary",female,0.4903846153846155,0.0,0.0,237668,0.1980668673744256,S,0
637,0,3,"Leinonen, Mr. Antti Gustaf",male,0.5673076923076923,0.0,0.0,STON/O 2. 3101292,0.12074460953402483,S,0
638,0,2,"Collyer, Mr. Harvey",male,0.548076923076923,0.125,0.16666666666666666,C.A. 31921,0.39994271296759015,S,0
639,0,3,"Panula, Mrs. Juha (Maria Emilia Ojala)",female,0.7403846153846154,0.0,0.8333333333333333,3101295,0.6046752922248089,S,0
640,0,3,"Thorneycroft, Mr. Percival",male,0.4903846153846155,0.125,0.0,376564,0.24529819728678864,S,0
641,0,3,"Jensen, Mr. Hans Peder",male,0.33653846153846156,0.0,0.0,350050,0.11966590690247796,S,0
642,1,1,"Sagesser, Mlle. Emma",female,0.4134615384615385,0.0,0.0,PC 17477,1.0,C,1
643,0,3,"Skoog, Miss. Margit Elizabeth",female,0.0,0.375,0.3333333333333333,347088,0.42508196921126723,S,0
644,1,3,"Foo, Mr. Choong",male,0.4903846153846155,0.0,0.0,1601,0.8607650866009288,S,0
645,1,3,"Baclini, Miss. Eugenie",female,0.0,0.25,0.16666666666666666,2666,0.29341778091976156,C,0
646,1,1,"Harper, Mr. Henry Sleeper",male,0.875,0.125,0.0,PC 17572,1.0,C,1
647,0,3,"Cor, Mr. Liudevit",male,0.31730769230769235,0.0,0.0,349231,0.12029972087807612,S,0
648,1,1,"Simonius-Blumer, Col. Oberst Alfons",male,1.0,0.0,0.0,13213,0.5408749070609314,C,1
649,0,3,"Willey, Mr. Edward",male,0.4903846153846155,0.0,0.0,S.O./P.P. 751,0.1150311422059164,S,0
650,1,3,"Stanley, Miss. Amy Zillah Elsie",female,0.3942307692307693,0.0,0.0,CA. 2314,0.1150311422059164,S,0
651,0,3,"Mitkoff, Mr. Mito",male,0.4903846153846155,0.0,0.0,349221,0.12029972087807612,S,0
652,1,2,"Doling, Miss. Elsie",female,0.2980769230769231,0.0,0.16666666666666666,231919,0.35042599612398373,S,0
653,0,3,"Kalvik, Mr. Johannes Halvorsen",male,0.3557692307692308,0.0,0.0,8475,0.12848902404836487,S,0
654,1,3,"O'Leary, Miss. Hanora ""Norah""",female,0.4903846153846155,0.0,0.0,330919,0.11928500908060408,Q,0
655,0,3,"Hegarty, Miss. Hanora ""Nora""",female,0.2980769230769231,0.0,0.0,365226,0.10284241190595175,Q,0
656,0,2,"Hickman, Mr. Leonard Mark",male,0.4134615384615385,0.25,0.0,S.O.C. 14879,1.0,S,0
657,0,3,"Radeff, Mr. Alexander",male,0.4903846153846155,0.0,0.0,349223,0.12029972087807612,S,0
658,0,3,"Bourke, Mrs. John (Catherine)",female,0.5673076923076923,0.125,0.16666666666666666,364849,0.23615664956181515,Q,0
659,0,2,"Eitemiller, Mr. George Floyd",male,0.3942307692307693,0.0,0.0,29751,0.1980668673744256,S,0
660,0,1,"Newell, Mr. Arthur Webster",male,1.0,0.0,0.3333333333333333,35273,1.0,C,1
661,1,1,"Frauenthal, Dr. Henry William",male,0.9134615384615384,0.25,0.0,PC 17611,1.0,S,0
662,0,3,"Badt, Mr. Mohamed",male,0.7211538461538461,0.0,0.0,2623,0.11007947052155576,C,0
663,0,1,"Colley, Mr. Edward Pomeroy",male,0.8557692307692307,0.0,0.0,5727,0.3898489206879319,S,1
664,0,3,"Coleff, Mr. Peju",male,0.6442307692307692,0.0,0.0,349210,0.1142053557280938,S,0
665,1,3,"Lindqvist, Mr. Eino William",male,0.33653846153846156,0.125,0.0,STON/O 2. 3101285,0.12074460953402483,S,0
666,0,2,"Hickman, Mr. Lewis",male,0.5673076923076923,0.25,0.0,S.O.C. 14879,1.0,S,0
667,0,2,"Butler, Mr. Reginald Fenton",male,0.4326923076923077,0.0,0.0,234686,0.1980668673744256,S,0
668,0,3,"Rommetvedt, Mr. Knud Paust",male,0.4903846153846155,0.0,0.0,312993,0.11845922260278147,S,0
669,0,3,"Cook, Mr. Jacob",male,0.7788461538461539,0.0,0.0,A/5 3536,0.12264909864339432,S,0
670,1,1,"Taylor, Mrs. Elmer Zebley (Juliet Cummins Wright)",female,0.4903846153846155,0.125,0.0,19996,0.7922674694977024,S,1
671,1,2,"Brown, Mrs. Thomas William Solomon (Elizabeth Catherine Ford)",female,0.7211538461538461,0.125,0.16666666666666666,29750,0.5942006021232767,S,0
672,0,1,"Davidson, Mr. Thornton",male,0.548076923076923,0.125,0.0,F.C. 12750,0.7922674694977024,S,1
673,0,2,"Mitchell, Mr. Henry Michael",male,1.0,0.0,0.0,C.A. 24580,0.15997708518703607,S,0
674,1,2,"Wilhelms, Mr. Charles",male,0.548076923076923,0.0,0.0,244270,0.1980668673744256,S,0
675,0,2,"Watson, Mr. Ennis Hastings",male,0.4903846153846155,0.0,0.0,239856,0.0,S,0
676,0,3,"Edvardsson, Mr. Gustaf Hjalmar",male,0.2980769230769231,0.0,0.0,349912,0.11845922260278147,S,0
677,0,3,"Sawyer, Mr. Frederick Charles",male,0.42307692307692313,0.0,0.0,342826,0.12264909864339432,S,0
678,1,3,"Turja, Miss. Anna Sofia",female,0.2980769230769231,0.0,0.0,4138,0.14994728374145264,S,0
679,0,3,"Goodwin, Mrs. Frederick (Augusta Tyler)",female,0.7788461538461539,0.125,1.0,CA 2144,0.7145643138354277,S,0
680,1,1,"Cardeza, Mr. Thomas Drake Martinez",male,0.6442307692307692,0.0,0.16666666666666666,PC 17755,1.0,C,1
681,0,3,"Peters, Miss. Katie",female,0.4903846153846155,0.0,0.0,330935,0.12398224101995294,Q,0
682,1,1,"Hassab, Mr. Hammad",male,0.4711538461538462,0.0,0.0,PC 17572,1.0,C,1
683,0,3,"Olsvigen, Mr. Thor Anderson",male,0.33653846153846156,0.0,0.0,6563,0.1405512962714674,S,0
684,0,3,"Goodwin, Mr. Charles Edward",male,0.2211538461538462,0.625,0.3333333333333333,CA 2144,0.7145643138354277,S,0
685,0,2,"Brown, Mr. Thomas William Solomon",male,1.0,0.125,0.16666666666666666,29750,0.5942006021232767,S,0
686,0,2,"Laroche, Mr. Joseph Philippe Lemercier",male,0.4326923076923077,0.125,0.3333333333333333,SC/Paris 2123,0.6334970686103628,C,0
687,0,3,"Panula, Mr. Jaako Arnold",male,0.2211538461538462,0.5,0.16666666666666666,3101295,0.6046752922248089,S,0
688,0,3,"Dakic, Mr. Branko",male,0.31730769230769235,0.0,0.0,349228,0.1549614226686006,S,0
689,0,3,"Fischer, Mr. Eberhard Thelander",male,0.2980769230769231,0.0,0.0,350036,0.11877612959058054,S,0
690,1,1,"Madill, Miss. Georgette Alexandra",female,0.24038461538461542,0.0,0.16666666666666666,24160,1.0,S,1
691,1,1,"Dick, Mr. Albert Adrian",male,0.548076923076923,0.125,0.0,17474,0.8684470338724815,S,1
692,1,3,"Karun, Miss. Manca",female,0.028846153846153848,0.0,0.16666666666666666,349256,0.2044156722694197,C,0
693,1,3,"Lam, Mr. Ali",male,0.4903846153846155,0.0,0.0,1601,0.8607650866009288,S,0
694,0,3,"Saad, Mr. Khalil",male,0.4326923076923077,0.0,0.0,2672,0.11007947052155576,C,0
695,0,1,"Weir, Col. John",male,1.0,0.0,0.0,113800,0.40451348683007693,S,0
696,0,2,"Chapman, Mr. Charles Henry",male,0.9519230769230769,0.0,0.0,248731,0.2056848238119035,S,0
697,0,3,"Kelly, Mr. James",male,0.7980769230769231,0.0,0.0,363592,0.12264909864339432,S,0
698,1,3,"Mullens, Miss. Katherine ""Katie""",female,0.4903846153846155,0.0,0.0,35852,0.1178238850358958,Q,0
699,0,1,"Thayer, Mr. John Borland",male,0.8942307692307693,0.125,0.16666666666666666,17421,1.0,C,1
700,0,3,"Humblen, Mr. Adolf Mathias Nicolai Olsen",male,0.7596153846153846,0.0,0.0,348121,0.11655473349341199,S,1
701,1,1,"Astor, Mrs. John Jacob (Madeleine Talmadge Force)",female,0.2980769230769231,0.125,0.0,PC 17757,1.0,C,1
702,1,1,"Silverthorne, Mr. Spencer Victor",male,0.625,0.0,0.0,PC 17475,0.400514059700401,S,1
703,0,3,"Barbara, Miss. Saiide",female,0.2980769230769231,0.0,0.16666666666666666,2691,0.22022293187718633,C,0
704,0,3,"Gallagher, Mr. Martin",male,0.4326923076923077,0.0,0.0,36864,0.11795186670404544,Q,0
705,0,3,"Hansen, Mr. Henrik Juul",male,0.4519230769230769,0.125,0.0,350025,0.11966590690247796,S,0
706,0,2,"Morley, Mr. Henry Samuel (""Mr Henry Marshall"")",male,0.7019230769230769,0.0,0.0,250655,0.3961337347488512,S,0
707,1,2,"Kelly, Mrs. Florence ""Fannie""",female,0.8173076923076923,0.0,0.0,223596,0.2056848238119035,S,0
708,1,1,"Calderhead, Mr. Edward Pennington",male,0.7596153846153846,0.0,0.0,PC 17476,0.400514059700401,S,1
709,1,1,"Cleaver, Miss. Alice",female,0.37500000000000006,0.0,0.0,113781,1.0,S,0
710,1,3,"Moubarek, Master. Halim Gonios (""William George"")",male,0.4903846153846155,0.125,0.16666666666666666,2661,0.23228368050900136,C,0
711,1,1,"Mayne, Mlle. Berthe Antonine (""Mrs de Villiers"")",female,0.4134615384615385,0.0,0.0,PC 17482,0.7542416781443876,C,1
712,0,1,"Klaber, Mr. Herman",male,0.4903846153846155,0.0,0.0,113028,0.40451348683007693,S,1
713,1,1,"Taylor, Mr. Elmer Zebley",male,0.875,0.125,0.0,19996,0.7922674694977024,S,1
714,0,3,"Larsson, Mr. August Viktor",male,0.5096153846153846,0.0,0.0,7545,0.14448673256706848,S,0
715,0,2,"Greenberg, Mr. Samuel",male,0.9519230769230769,0.0,0.0,250647,0.1980668673744256,S,0
716,0,3,"Soholt, Mr. Peter Andreas Lauritz Andersen",male,0.31730769230769235,0.0,0.0,348124,0.11655473349341199,S,1
717,1,1,"Endres, Miss. Caroline Louise",female,0.6826923076923077,0.0,0.0,PC 17757,1.0,C,1
718,1,2,"Troutt, Miss. Edwina Celia ""Winnie""",female,0.4711538461538462,0.0,0.0,34218,0.15997708518703607,S,1
719,0,3,"McEvoy, Mr. Michael",male,0.4903846153846155,0.0,0.0,36568,0.23615664956181515,Q,0
720,0,3,"Johnson, Mr. Malkolm Joackim",male,0.5865384615384616,0.0,0.0,347062,0.11845922260278147,S,0
721,1,2,"Harper, Miss. Annie Jessie ""Nina""",female,0.06730769230769232,0.0,0.16666666666666666,248727,0.5027851248735419,S,0
722,0,3,"Jensen, Mr. Svend Lauritz",male,0.27884615384615385,0.125,0.0,350048,0.10747717660251331,S,0
723,0,2,"Gillespie, Mr. William Henry",male,0.6057692307692307,0.0,0.0,12233,0.1980668673744256,S,0
724,0,2,"Hodges, Mr. Henry Price",male,0.9134615384615384,0.0,0.0,250643,0.1980668673744256,S,0
725,1,1,"Chambers, Mr. Norman Campbell",male,0.4711538461538462,0.125,0.0,113806,0.8090269736601539,S,1
726,0,3,"Oreskovic, Mr. Luka",male,0.33653846153846156,0.0,0.0,315094,0.13198109527930474,S,0
727,1,2,"Renouf, Mrs. Peter Henry (Lillian Jefferys)",female,0.5288461538461539,0.375,0.0,31027,0.31995417037407214,S,0
728,1,3,"Mannion, Miss. Margareth",female,0.4903846153846155,0.0,0.0,36866,0.11788787586997061,Q,0
729,0,2,"Bryhl, Mr. Kurt Arnold Gottfrid",male,0.4326923076923077,0.125,0.0,236853,0.3961337347488512,S,0
730,0,3,"Ilmakangas, Miss. Pieta Sofia",female,0.4326923076923077,0.125,0.0,STON/O2. 3101271,0.12074460953402483,S,0
731,1,1,"Allen, Miss. Elisabeth Walton",female,0.5096153846153846,0.0,0.0,24160,1.0,S,1
732,0,3,"Hassan, Mr. Houssein G N",male,0.1634615384615385,0.0,0.0,2699,0.2862447131382324,C,0
733,0,2,"Knight, Mr. Robert J",male,0.4903846153846155,0.0,0.0,239855,0.0,S,0
734,0,2,"Berriman, Mr. William John",male,0.3942307692307693,0.0,0.0,28425,0.1980668673744256,S,0
735,0,2,"Troupiansky, Mr. Moses Aaron",male,0.3942307692307693,0.0,0.0,233639,0.1980668673744256,S,0
736,0,3,"Williams, Mr. Leslie",male,0.5,0.0,0.0,54636,0.24529819728678864,S,0
737,0,3,"Ford, Mrs. Edward (Margaret Ann Watson)",female,0.875,0.125,0.5,W./C. 6608,0.5237345050766061,S,0
738,1,1,"Lesurer, Mr. Gustave J",male,0.625,0.0,0.0,PC 17755,1.0,C,1
739,0,3,"Ivanoff, Mr. Kanio",male,0.4903846153846155,0.0,0.0,349201,0.12029972087807612,S,0
740,0,3,"Nankoff, Mr. Minko",male,0.4903846153846155,0.0,0.0,349218,0.12029972087807612,S,0
741,1,1,"Hawksford, Mr. Walter James",male,0.4903846153846155,0.0,0.0,16988,0.45707738624867444,S,1
742,0,1,"Cavendish, Mr. Tyrell William",male,0.6442307692307692,0.125,0.0,19877,1.0,S,1
743,1,1,"Ryerson, Miss. Susan Parker ""Suzette""",female,0.3557692307692308,0.25,0.3333333333333333,PC 17608,1.0,C,1
744,0,3,"McNamee, Mr. Neal",male,0.4134615384615385,0.125,0.0,376566,0.24529819728678864,S,0
745,1,3,"Stranden, Mr. Juho",male,0.548076923076923,0.0,0.0,STON/O 2. 3101288,0.12074460953402483,S,0
746,0,1,"Crosby, Capt. Edward Gifford",male,1.0,0.125,0.16666666666666666,WE/P 5735,1.0,S,1
747,0,3,"Abbott, Mr. Rossmore Edward",male,0.25961538461538464,0.125,0.16666666666666666,C.A. 2673,0.30852723571785523,S,0
748,1,2,"Sinkkonen, Miss. Anna",female,0.5288461538461539,0.0,0.0,250648,0.1980668673744256,S,0
749,0,1,"Marvin, Mr. Daniel Warner",male,0.31730769230769235,0.125,0.0,113773,0.8090269736601539,S,1
750,0,3,"Connaghton, Mr. Michael",male,0.548076923076923,0.0,0.0,335097,0.11807832478090757,Q,0
751,1,2,"Wells, Miss. Joan",female,0.028846153846153848,0.125,0.16666666666666666,29103,0.35042599612398373,S,0
752,1,3,"Moor, Master. Meier",male,0.06730769230769232,0.0,0.16666666666666666,392096,0.1900680131150738,S,1
753,0,3,"Vande Velde, Mr. Johannes Joseph",male,0.5865384615384616,0.0,0.0,345780,0.14474117231208025,S,0
754,0,3,"Jonkoff, Mr. Lalio",male,0.3942307692307693,0.0,0.0,349204,0.12029972087807612,S,0
755,1,2,"Herman, Mrs. Samuel (Jane Laver)",female,0.875,0.125,0.3333333333333333,220845,0.990334336872128,S,0
756,1,2,"Hamalainen, Master. Viljo",male,0.0,0.125,0.16666666666666666,250649,0.22092073668685933,S,0
757,0,3,"Carlsson, Mr. August Sigfrid",male,0.4903846153846155,0.0,0.0,350042,0.11877612959058054,S,0
758,0,2,"Bailey, Mr. Percy Andrew",male,0.2980769230769231,0.0,0.0,29108,0.17521299806199186,S,0
759,0,3,"Theobald, Mr. Thomas Leonard",male,0.6057692307692307,0.0,0.0,363294,0.12264909864339432,S,0
760,1,1,"Rothes, the Countess. of (Lucy Noel Martha Dyer-Edwards)",female,0.5865384615384616,0.0,0.0,110152,1.0,S,1
761,0,3,"Garfirth, Mr. John",male,0.4903846153846155,0.0,0.0,358585,0.22092073668685933,S,0
762,0,3,"Nirva, Mr. Iisakki Antino Aijo",male,0.7403846153846154,0.0,0.0,SOTON/O2 3101272,0.10855587923406018,S,0
763,1,3,"Barah, Mr. Hanna Assi",male,0.33653846153846156,0.0,0.0,2663,0.11014346135563058,C,0
764,1,1,"Carter, Mrs. William Ernest (Lucile Polk)",female,0.6442307692307692,0.125,0.3333333333333333,113760,1.0,S,1
765,0,3,"Eklund, Mr. Hans Linus",male,0.25961538461538464,0.0,0.0,347074,0.11845922260278147,S,0
766,1,1,"Hogeboom, Mrs. John C (Anna Andrews)",female,0.9326923076923077,0.125,0.0,13502,1.0,S,1
767,0,1,"Brewe, Dr. Arthur Jackson",male,0.4903846153846155,0.0,0.0,112379,0.6033421498482503,C,0
768,0,3,"Mangan, Miss. Mary",female,0.5384615384615384,0.0,0.0,364850,0.11807832478090757,Q,0
769,0,3,"Moran, Mr. Daniel J",male,0.4903846153846155,0.125,0.0,371110,0.36794729593018294,Q,0
770,0,3,"Gronnestad, Mr. Daniel Danielsen",male,0.5673076923076923,0.0,0.0,8471,0.12741032141681802,S,0
771,0,3,"Lievens, Mr. Rene Aime",male,0.4134615384615385,0.0,0.0,345781,0.14474117231208025,S,0
772,0,3,"Jensen, Mr. Niels Peder",male,0.875,0.0,0.0,350047,0.11966590690247796,S,0
773,0,2,"Mack, Mrs. (Mary)",female,1.0,0.0,0.0,S.O./P.P. 3,0.15997708518703607,S,1
774,0,3,"Elias, Mr. Dibo",male,0.4903846153846155,0.0,0.0,2674,0.11007947052155576,C,0
775,1,2,"Hocking, Mrs. Elizabeth (Eliza Needs)",female,0.9903846153846154,0.125,0.5,29105,0.35042599612398373,S,0
776,0,3,"Myhrman, Mr. Pehr Fabian Oliver Malkolm",male,0.2980769230769231,0.0,0.0,347078,0.11807832478090757,S,0
777,0,3,"Tobin, Mr. Roger",male,0.4903846153846155,0.0,0.0,383121,0.11807832478090757,Q,1
778,1,3,"Emanuel, Miss. Virginia Ethel",female,0.04807692307692308,0.0,0.0,364516,0.1900680131150738,S,0
779,0,3,"Kilgannon, Mr. Thomas J",male,0.4903846153846155,0.0,0.0,36865,0.11788787586997061,Q,0
780,1,1,"Robert, Mrs. Edward Scott (Elisabeth Walton McMillan)",female,0.7788461538461539,0.0,0.16666666666666666,24160,1.0,S,1
781,1,3,"Ayoub, Miss. Banoura",female,0.20192307692307693,0.0,0.0,2687,0.11014346135563058,C,0
782,1,1,"Dick, Mrs. Albert Adrian (Vera Gillespie)",female,0.27884615384615385,0.125,0.0,17474,0.8684470338724815,S,1
783,0,1,"Long, Mr. Milton Clyde",male,0.5096153846153846,0.0,0.0,113501,0.45707738624867444,S,1
784,0,3,"Johnston, Mr. Andrew G",male,0.4903846153846155,0.125,0.3333333333333333,W./C. 6607,0.35728215691771387,S,0
785,0,3,"Ali, Mr. William",male,0.4326923076923077,0.0,0.0,SOTON/O.Q. 3101312,0.10741318576843849,S,0
786,0,3,"Harmer, Mr. Abraham (David Lishin)",male,0.4326923076923077,0.0,0.0,374887,0.11046036834342966,S,0
787,1,3,"Sjoblom, Miss. Anna Sofia",female,0.2980769230769231,0.0,0.0,3101265,0.1142053557280938,S,0
788,0,3,"Rice, Master. George Hugh",male,0.10576923076923078,0.5,0.16666666666666666,382652,0.4437459624830881,Q,0
789,1,3,"Dean, Master. Bertram Vere",male,0.0,0.125,0.3333333333333333,C.A. 2315,0.3134789074022159,S,0
790,0,1,"Guggenheim, Mr. Benjamin",male,0.8365384615384616,0.0,0.0,PC 17593,1.0,C,1
791,0,3,"Keane, Mr. Andrew ""Andy""",male,0.4903846153846155,0.0,0.0,12460,0.11807832478090757,Q,0
792,0,2,"Gaskell, Mr. Alfred",male,0.25961538461538464,0.0,0.0,239865,0.3961337347488512,S,0
793,0,3,"Sage, Miss. Stella Anna",female,0.4903846153846155,1.0,0.3333333333333333,CA. 2343,1.0,S,0
794,0,1,"Hoyt, Mr. William Fisher",male,0.4903846153846155,0.0,0.0,PC 17600,0.4676785344270687,C,0
795,0,3,"Dantcheff, Mr. Ristiu",male,0.4326923076923077,0.0,0.0,349203,0.12029972087807612,S,0
796,0,2,"Otter, Mr. Richard",male,0.7019230769230769,0.0,0.0,28213,0.1980668673744256,S,0
797,1,1,"Leader, Dr. Alice (Farnham)",female,0.8942307692307693,0.0,0.0,17465,0.39505503211730436,S,1
798,1,3,"Osman, Mrs. Mara",female,0.548076923076923,0.0,0.0,349244,0.1322980022671038,S,0
799,0,3,"Ibrahim Shawah, Mr. Yousseff",male,0.5288461538461539,0.0,0.0,2685,0.11014346135563058,C,0
800,0,3,"Van Impe, Mrs. Jean Baptiste (Rosalie Paula Govaert)",female,0.5288461538461539,0.125,0.16666666666666666,345773,0.36794729593018294,S,0
801,0,2,"Ponesell, Mr. Martin",male,0.6057692307692307,0.0,0.0,250647,0.1980668673744256,S,0
802,1,2,"Collyer, Mrs. Harvey (Charlotte Annie Tate)",female,0.548076923076923,0.125,0.16666666666666666,C.A. 31921,0.39994271296759015,S,0
803,1,1,"Carter, Master. William Thornton II",male,0.1634615384615385,0.125,0.3333333333333333,113760,1.0,S,1
804,1,3,"Thomas, Master. Assad Alexander",male,0.0,0.0,0.16666666666666666,2625,0.1297596991821362,C,0
805,1,3,"Hedman, Mr. Oskar Arvid",male,0.4711538461538462,0.0,0.0,347089,0.10627049230281681,S,0
806,0,3,"Johansson, Mr. Karl Johan",male,0.548076923076923,0.0,0.0,347063,0.11845922260278147,S,0
807,0,1,"Andrews, Mr. Thomas Jr",male,0.7019230769230769,0.0,0.0,112050,0.0,S,1
808,0,3,"Pettersson, Miss. Ellen Natalia",female,0.2980769230769231,0.0,0.0,347087,0.11845922260278147,S,0
809,0,2,"Meyer, Mr. August",male,0.7019230769230769,0.0,0.0,248723,0.1980668673744256,S,0
810,1,1,"Chambers, Mrs. Norman Campbell (Bertha Griggs)",female,0.5865384615384616,0.125,0.0,113806,0.8090269736601539,S,1
811,0,3,"Alexander, Mr. William",male,0.4519230769230769,0.0,0.0,3474,0.120173262801214,S,0
812,0,3,"Lester, Mr. James",male,0.7019230769230769,0.0,0.0,A/4 48871,0.36794729593018294,S,0
813,0,2,"Slemen, Mr. Richard James",male,0.625,0.0,0.0,28206,0.15997708518703607,S,0
814,0,3,"Andersson, Miss. Ebba Iris Alfrida",female,0.06730769230769232,0.5,0.3333333333333333,347082,0.4765031751642431,S,0
815,0,3,"Tomlin, Mr. Ernest Portage",male,0.5384615384615384,0.0,0.0,364499,0.12264909864339432,S,0
816,0,1,"Fry, Mr. Richard",male,0.4903846153846155,0.0,0.0,112058,0.0,S,1
817,0,3,"Heininen, Miss. Wendla Maria",female,0.3942307692307693,0.0,0.0,STON/O2. 3101290,0.12074460953402483,S,0
818,0,2,"Mallet, Mr. Albert",male,0.548076923076923,0.125,0.16666666666666666,S.C./PARIS 2079,0.56379276720744,C,0
819,0,3,"Holm, Mr. John Fredrik Alexander",male,0.7788461538461539,0.0,0.0,C 7075,0.098271638043465,S,0
820,0,3,"Skoog, Master. Karl Thorsten",male,0.14423076923076925,0.375,0.3333333333333333,347088,0.42508196921126723,S,0
821,1,1,"Hays, Mrs. Charles Melville (Clara Jennings Gregg)",female,0.9519230769230769,0.125,0.16666666666666666,12749,1.0,S,1
822,1,3,"Lulic, Mr. Nikola",male,0.4711538461538462,0.0,0.0,315098,0.13198109527930474,S,0
823,0,1,"Reuchlin, Jonkheer. John George",male,0.6826923076923077,0.0,0.0,19972,0.0,S,0
824,1,3,"Moor, Mrs. (Beila)",female,0.4711538461538462,0.0,0.16666666666666666,392096,0.1900680131150738,S,1
825,0,3,"Panula, Master. Urho Abraham",male,0.0,0.5,0.16666666666666666,3101295,0.6046752922248089,S,0
826,0,3,"Flynn, Mr. John",male,0.4903846153846155,0.0,0.0,368323,0.10588959448094291,Q,0
827,0,3,"Lam, Mr. Len",male,0.4903846153846155,0.0,0.0,1601,0.8607650866009288,S,0
828,1,2,"Mallet, Master. Andre",male,0.0,0.0,0.3333333333333333,S.C./PARIS 2079,0.56379276720744,C,0
829,1,3,"McCormack, Mr. Thomas Joseph",male,0.4903846153846155,0.0,0.0,367228,0.11807832478090757,Q,0
830,1,1,"Stone, Mrs. George Nelson (Martha Evelyn)",female,1.0,0.0,0.0,113572,1.0,S,1
831,1,3,"Yasbeck, Mrs. Antoni (Selini Alexander)",female,0.24038461538461542,0.125,0.0,2659,0.22022293187718633,C,0
832,1,2,"Richards, Master. George Sibley",male,0.0,0.125,0.16666666666666666,29106,0.2856733664054215,S,0
833,0,3,"Saad, Mr. Amin",male,0.4903846153846155,0.0,0.0,2671,0.11014346135563058,C,0
834,0,3,"Augustsson, Mr. Albert",male,0.3942307692307693,0.0,0.0,347468,0.11966590690247796,S,0
835,0,3,"Allum, Mr. Owen George",male,0.2980769230769231,0.0,0.0,2223,0.12645807686213328,S,0
836,1,1,"Compton, Miss. Sara Rebecca",female,0.7019230769230769,0.125,0.16666666666666666,PC 17756,1.0,C,1
837,0,3,"Pasic, Mr. Jakob",male,0.3557692307692308,0.0,0.0,315097,0.13198109527930474,S,0
838,0,3,"Sirota, Mr. Maurice",male,0.4903846153846155,0.0,0.0,392092,0.12264909864339432,S,0
839,1,3,"Chip, Mr. Chang",male,0.5673076923076923,0.0,0.0,1601,0.8607650866009288,S,0
840,1,1,"Marechal, Mr. Pierre",male,0.4903846153846155,0.0,0.0,11774,0.4525066123861877,C,1
841,0,3,"Alhomaki, Mr. Ilmari Rudolf",male,0.33653846153846156,0.0,0.0,SOTON/O2 3101287,0.12074460953402483,S,0
842,0,2,"Mudd, Mr. Thomas Charles",male,0.25961538461538464,0.0,0.0,S.O./P.P. 3,0.15997708518703607,S,0
843,1,1,"Serepeca, Miss. Augusta",female,0.5288461538461539,0.0,0.0,113798,0.4723132991236303,C,0
844,0,3,"Lemberopolous, Mr. Peter L",male,0.6153846153846154,0.0,0.0,2683,0.09808118913252806,C,0
845,0,3,"Culumovic, Mr. Jeso",male,0.27884615384615385,0.0,0.0,315090,0.13198109527930474,S,0
846,0,3,"Abbing, Mr. Anthony",male,0.7596153846153846,0.0,0.0,C.A. 5547,0.1150311422059164,S,0
847,0,3,"Sage, Mr. Douglas Bullen",male,0.4903846153846155,1.0,0.3333333333333333,CA. 2343,1.0,S,0
848,0,3,"Markoff, Mr. Marin",male,0.625,0.0,0.0,349213,0.12029972087807612,C,0
849,0,2,"Harper, Rev. John",male,0.4903846153846155,0.0,0.16666666666666666,248727,0.5027851248735419,S,0
850,1,1,"Goldenberg, Mrs. Samuel L (Edwiga Grabowska)",female,0.4903846153846155,0.125,0.0,17453,1.0,C,1
851,0,3,"Andersson, Master. Sigvard Harald Elias",male,0.028846153846153848,0.5,0.3333333333333333,347082,0.4765031751642431,S,0
852,0,3,"Svensson, Mr. Johan",male,1.0,0.0,0.0,347060,0.11845922260278147,S,0
853,0,3,"Boulos, Miss. Nourelain",female,0.125,0.125,0.16666666666666666,2678,0.23228368050900136,C,0
854,1,1,"Lines, Miss. Mary Conover",female,0.25961538461538464,0.0,0.16666666666666666,PC 17592,0.6002949672732592,S,1
855,0,2,"Carter, Mrs. Ernest Courtenay (Lilian Hughes)",female,0.7980769230769231,0.125,0.0,244252,0.3961337347488512,S,0
856,1,3,"Aks, Mrs. Sam (Leah Rosen)",female,0.2980769230769231,0.0,0.16666666666666666,392091,0.14245578538083686,S,0
857,1,1,"Wick, Mrs. George Dennick (Mary Hitchcock)",female,0.8173076923076923,0.125,0.16666666666666666,36928,1.0,S,0
858,1,1,"Daly, Mr. Peter Denis ",male,0.9326923076923077,0.0,0.0,113055,0.40451348683007693,S,1
859,1,3,"Baclini, Mrs. Solomon (Latifa Qurban)",female,0.4134615384615385,0.0,0.5,2666,0.29341778091976156,C,0
860,0,3,"Razi, Mr. Raihed",male,0.4903846153846155,0.0,0.0,2629,0.11014346135563058,C,0
861,0,3,"Hansen, Mr. Claus Peter",male,0.7403846153846154,0.25,0.0,350026,0.21495282961373913,S,0
862,0,2,"Giles, Mr. Frederick Edward",male,0.3557692307692308,0.125,0.0,28134,0.17521299806199186,S,0
863,1,1,"Swift, Mrs. Frederick Joel (Margaret Welles Barron)",female,0.875,0.0,0.0,17466,0.39505503211730436,S,1
864,0,3,"Sage, Miss. Dorothy Edith ""Dolly""",female,0.4903846153846155,1.0,0.3333333333333333,CA. 2343,1.0,S,0
865,0,2,"Gill, Mr. John William",male,0.4134615384615385,0.0,0.0,233866,0.1980668673744256,S,0
866,1,2,"Bystrom, Mrs. (Karolina)",female,0.7596153846153846,0.0,0.0,236852,0.1980668673744256,S,0
867,1,2,"Duran y More, Miss. Asuncion",female,0.4711538461538462,0.125,0.0,SC/PARIS 2149,0.21114385139500016,C,0
868,0,1,"Roebling, Mr. Washington Augustus II",male,0.548076923076923,0.0,0.0,PC 17590,0.7693496093511939,S,1
869,0,3,"van Melkebeke, Mr. Philemon",male,0.4903846153846155,0.0,0.0,345777,0.14474117231208025,S,0
870,1,3,"Johnson, Master. Harold Theodor",male,0.028846153846153848,0.125,0.16666666666666666,347742,0.1696259888107456,S,0
871,0,3,"Balkic, Mr. Cerin",male,0.4519230769230769,0.0,0.0,349248,0.12029972087807612,S,0
872,1,1,"Beckwith, Mrs. Richard Leonard (Sallie Monypeny)",female,0.8557692307692307,0.125,0.16666666666666666,11751,0.8007112124130029,S,1
873,0,1,"Carlsson, Mr. Frans Olof",male,0.5865384615384616,0.0,0.0,695,0.07617956437477907,S,1
874,0,3,"Vander Cruyssen, Mr. Victor",male,0.8557692307692307,0.0,0.0,345765,0.13712321587460233,S,0
875,1,2,"Abelson, Mrs. Samuel (Hannah Wizosky)",female,0.4903846153846155,0.125,0.0,P/PP 3381,0.3656619089989396,C,0
876,1,3,"Najib, Miss. Adele Kiamie ""Jane""",female,0.24038461538461542,0.0,0.0,2667,0.11007947052155576,C,0
877,0,3,"Gustafsson, Mr. Alfred Ossian",male,0.33653846153846156,0.0,0.0,7534,0.15000975098423996,S,0
878,0,3,"Petroff, Mr. Nedelio",male,0.31730769230769235,0.0,0.0,349212,0.12029972087807612,S,0
879,0,3,"Laleff, Mr. Kristo",male,0.4903846153846155,0.0,0.0,349217,0.12029972087807612,S,0
880,1,1,"Potter, Mrs. Thomas Jr (Lily Alexenia Wilson)",female,1.0,0.0,0.16666666666666666,11767,1.0,C,1
881,1,2,"Shelley, Mrs. William (Imanita Parrish Hall)",female,0.4326923076923077,0.0,0.16666666666666666,230433,0.3961337347488512,S,0
882,0,3,"Markun, Mr. Johann",male,0.5865384615384616,0.0,0.0,349257,0.12029972087807612,S,0
883,0,3,"Dahlberg, Miss. Gerda Ulrika",female,0.37500000000000006,0.0,0.0,7552,0.16023152493204781,S,0
884,0,2,"Banfield, Mr. Frederick James",male,0.4903846153846155,0.0,0.0,C.A./SOTON 34068,0.15997708518703607,S,0
885,0,3,"Sutehall, Mr. Henry Jr",male,0.4326923076923077,0.0,0.0,SOTON/OQ 392076,0.10741318576843849,S,0
886,0,3,"Rice, Mrs. William (Margaret Norton)",female,0.7019230769230769,0.0,0.8333333333333333,382652,0.4437459624830881,Q,0
887,0,2,"Montvila, Rev. Juozas",male,0.4711538461538462,0.0,0.0,211536,0.1980668673744256,S,0
888,1,1,"Graham, Miss. Margaret Edith",female,0.31730769230769235,0.0,0.0,112053,0.45707738624867444,S,1
889,0,3,"Johnston, Miss. Catherine Helen ""Carrie""",female,0.4903846153846155,0.125,0.3333333333333333,W./C. 6607,0.35728215691771387,S,0
890,1,1,"Behr, Mr. Karl Howell",male,0.4519230769230769,0.0,0.0,111369,0.45707738624867444,C,1
891,0,3,"Dooley, Mr. Patrick",male,0.5673076923076923,0.0,0.0,370376,0.11807832478090757,Q,0
